Rk,Player,Pos,Age,Tm,G,GS,MP,FG,FGA,FG%,3P,3PA,3P%,2P,2PA,2P%,FT,FTA,FT%,ORB,DRB,TRB,AST,STL,BLK,TOV,PF,PTS
1,Precious Achiuwa,C,22,TOR,70,27,1646,5.5,12.6,0.439,1.1,3.1,0.348,4.4,9.5,0.469,1.6,2.8,0.587,3.1,7,10.1,1.7,0.8,0.8,1.7,3.2,13.7
2,Steven Adams,C,28,MEM,74,73,1953,3.8,7,0.545,0,0,0,3.8,7,0.546,2,3.6,0.548,6.3,7.3,13.7,4.6,1.2,1.1,2.1,2.7,9.6
3,Bam Adebayo,C,24,MIA,55,55,1792,8,14.4,0.557,0,0.1,0,8,14.2,0.561,5,6.6,0.752,2.7,8.5,11.2,3.7,1.6,0.9,3,3.4,21
4,Santi Aldama,PF,21,MEM,30,0,319,4.9,12.3,0.394,0.5,4.6,0.098,4.4,7.7,0.574,1.6,2.7,0.583,2.8,5.3,8.1,1.8,0.3,1.1,1.2,3.6,11.7
5,LaMarcus Aldridge,C,36,BRK,47,12,1050,8.6,15.7,0.55,0.5,1.6,0.304,8.2,14.1,0.578,3.1,3.5,0.873,2.5,6.3,8.8,1.4,0.5,1.6,1.5,2.7,20.8
6,Nickeil Alexander-Walker,SG,23,TOT,64,21,1460,6.2,16.7,0.372,2.6,8.3,0.31,3.6,8.4,0.433,2,2.7,0.743,0.9,3.7,4.6,3.8,1.1,0.6,2.3,2.5,17
7,Grayson Allen,SG,26,MIL,66,61,1805,5.1,11.3,0.448,3.2,7.8,0.409,1.9,3.6,0.533,1.3,1.5,0.865,0.6,3.8,4.4,2,0.9,0.4,0.9,1.9,14.6
8,Jarrett Allen,C,23,CLE,56,56,1809,7.3,10.8,0.677,0,0.2,0.1,7.3,10.6,0.688,3.3,4.6,0.708,3.8,8.2,12,1.8,0.9,1.5,1.9,1.9,18
9,Jose Alvarado,PG,23,NOP,51,1,767,5.5,12.6,0.44,1.5,4.8,0.304,4.1,7.8,0.524,1.5,2.1,0.711,1.1,3.2,4.3,6.5,3.1,0.3,1.6,3.3,14
10,Justin Anderson,SF,28,TOT,16,6,316,4.1,10.8,0.379,1.7,6.7,0.254,2.4,4.1,0.583,1.7,2.2,0.789,0.5,4.8,5.2,3.8,0.9,0.7,0.9,2.5,11.6
11,Kyle Anderson,PF,28,MEM,66,10,1415,5,11.3,0.439,0.8,2.6,0.324,4.1,8.8,0.474,1.6,2.5,0.626,1.7,7.3,9,4.4,1.9,1.1,1.7,2.6,12.4
12,Giannis Antetokounmpo,PF,27,MIL,65,65,2139,11.3,20.3,0.554,1.2,4,0.298,10.1,16.4,0.616,9,12.5,0.72,2.2,10.5,12.7,6.3,1.1,1.5,3.6,3.5,32.7
13,Thanasis Antetokounmpo,SF,29,MIL,46,5,427,4.9,9.4,0.523,0.1,0.9,0.091,4.8,8.4,0.57,1.8,3,0.583,3.4,4.7,8.1,1.7,1.3,0.9,1.8,5.4,11.6
14,Carmelo Anthony,PF,37,LAL,69,3,1793,6.4,14.5,0.441,3,8,0.375,3.4,6.5,0.521,2.7,3.2,0.83,1.2,4.5,5.8,1.4,0.9,1,1.2,3.3,18.5
15,Cole Anthony,PG,21,ORL,65,65,2059,6.2,15.9,0.391,2.3,6.8,0.338,3.9,9.1,0.432,3.8,4.4,0.854,0.6,5.5,6.1,6.5,0.8,0.3,3,3,18.6
16,OG Anunoby,SF,24,TOR,47,47,1703,6.5,14.5,0.445,2.4,6.6,0.369,4,7.9,0.508,1.8,2.5,0.75,1.5,3.9,5.4,2.6,1.5,0.5,1.6,2.8,17.2
17,Ryan Arcidiacono,PG,27,NYK,8,0,40,3.6,5.4,0.667,2.7,3.6,0.75,0.9,1.8,0.5,0,0,,0,3.6,3.6,0.9,0,0,0.9,0,9.9
18,Trevor Ariza,SF,36,LAL,24,11,462,2.6,7.7,0.333,1.6,5.8,0.27,1,1.9,0.52,0.8,1.4,0.556,0.8,5.6,6.4,2.1,1,0.5,0.9,1.6,7.5
19,D.J. Augustin,PG,34,TOT,52,2,822,4,9.2,0.438,2.9,6.7,0.435,1.1,2.5,0.446,1.5,1.7,0.872,0.5,2.4,2.8,4.3,0.7,0,2.4,1.5,12.5
20,Deni Avdija,SF,21,WAS,80,6,1927,4.5,10.4,0.432,1.5,4.7,0.32,3,5.7,0.523,1.9,2.5,0.756,0.9,6.8,7.8,3,1.1,0.8,1.5,3.5,12.4
21,Joel Ayayi,SG,21,WAS,7,0,20,1.8,10.8,0.167,0,1.8,0,1.8,9,0.2,0,0,,1.8,3.6,5.4,7.2,0,0,0,0,3.6
22,Deandre Ayton,C,23,PHO,57,57,1679,9.3,14.6,0.638,0.1,0.4,0.353,9.2,14.2,0.645,2.3,3,0.746,3.1,9.4,12.5,1.7,0.8,0.8,1.9,3,21
23,Udoka Azubuike,C,22,UTA,17,6,195,6.8,9,0.755,0,0,,6.8,9,0.755,1.1,2,0.545,3.3,9.8,13.1,0,0.2,2,2.2,4.6,14.8
24,Marvin Bagley III,PF,22,TOT,48,25,1146,7.1,14,0.504,0.7,3,0.237,6.3,11,0.579,2.1,3.2,0.663,3.3,7.3,10.6,1.1,0.7,0.6,1.2,2.9,17
25,LaMelo Ball,PG,20,CHO,72,72,2329,7.9,18.6,0.426,3.2,8.3,0.38,4.7,10.2,0.464,3.2,3.6,0.869,1.6,5.8,7.4,8.4,1.8,0.5,3.6,3.6,22.2
26,Lonzo Ball,PG,24,CHI,35,35,1212,4.8,11.4,0.423,3.3,7.7,0.423,1.5,3.7,0.423,0.6,0.8,0.75,1,4.6,5.6,5.3,1.9,0.9,2.4,2.5,13.5
27,Mo Bamba,C,23,ORL,69,67,1791,5.8,12.1,0.477,2.1,5.4,0.376,3.7,6.7,0.559,1.1,1.4,0.786,2.9,8.3,11.3,1.6,0.8,2.3,1.5,3.6,14.7
28,Desmond Bane,SF,23,MEM,74,74,2223,8,17.5,0.459,3.6,8.4,0.429,4.5,9.2,0.486,2.2,2.4,0.901,0.7,4.6,5.4,3.3,1.4,0.5,1.8,3,21.9
29,Dalano Banton,SF,22,TOR,64,1,696,4.3,10.4,0.411,0.7,2.6,0.255,3.6,7.8,0.464,1.3,2.3,0.591,2,4.4,6.4,5.1,1.4,0.5,2.7,3.5,10.6
30,Cat Barber,PG,27,ATL,3,0,13,0,11.1,0,0,0,,0,11.1,0,0,11.1,0,2.8,5.5,8.3,8.3,0,0,2.8,2.8,0
31,Harrison Barnes,PF,29,SAC,75,75,2548,5.5,11.7,0.47,2,5,0.395,3.5,6.7,0.527,4.8,5.8,0.83,1.2,4.9,6,2.6,0.7,0.2,1.7,1.3,17.8
32,Scottie Barnes,PF,20,TOR,71,71,2521,6.3,12.9,0.491,0.8,2.7,0.301,5.5,10.2,0.541,2.2,3,0.732,2.7,5,7.7,3.5,1.1,0.8,1.9,2.6,15.7
33,RJ Barrett,SF,21,NYK,69,69,2402,7.2,17.7,0.406,2.1,6.1,0.342,5.1,11.7,0.44,4.3,6,0.716,1,5.1,6.1,3.1,0.6,0.2,2.3,2.1,20.8
34,Will Barton,SG,31,DEN,70,70,2247,6.2,14.2,0.437,2.5,6.8,0.366,3.7,7.4,0.503,1.6,2,0.797,0.7,4.7,5.4,4.4,0.9,0.5,2,1.8,16.5
35,Paris Bass,SF,26,PHO,2,0,7,10.3,30.9,0.333,0,10.3,0,10.3,20.6,0.5,10.3,10.3,1,10.3,10.3,20.6,0,5.1,0,10.3,10.3,30.9
36,Charles Bassey,PF,21,PHI,23,0,168,6.4,10.1,0.638,0,0.9,0,6.4,9.2,0.698,1.9,2.6,0.75,4.7,8.6,13.3,1.5,1.1,3.6,1.7,6.9,14.8
37,Keita Bates-Diop,SF,26,SAS,56,13,897,4.9,9.6,0.517,0.7,2.1,0.327,4.3,7.5,0.57,1.6,2.2,0.732,2.3,6.5,8.7,1.6,1,0.6,1.6,2.4,12.2
38,Nicolas Batum,PF,33,LAC,58,53,1436,4.4,9.6,0.461,2.7,6.7,0.399,1.8,2.9,0.603,0.6,1,0.658,0.7,5.5,6.2,2.4,1.4,1.1,1,2,12.2
39,Kent Bazemore,SF,32,LAL,38,14,531,3.1,9.3,0.328,2,5.4,0.367,1.1,3.9,0.276,0.9,1.2,0.765,0.9,3.7,4.5,2.3,1.7,0.5,1.4,4.6,8.9
40,Darius Bazley,PF,21,OKC,69,53,1924,5.1,12.1,0.422,1.5,5,0.297,3.6,7.1,0.511,2.2,3.2,0.688,1.3,6.8,8.2,1.8,1.1,1.3,1.7,1.3,13.9
41,Bradley Beal,SG,28,WAS,40,40,1439,8.7,19.3,0.451,1.6,5.3,0.3,7.1,14,0.508,4.2,5.1,0.833,1,3.8,4.7,6.6,0.9,0.4,3.4,2.4,23.2
42,Malik Beasley,SG,25,MIN,77,16,1933,6.1,15.5,0.393,4.4,11.5,0.379,1.7,3.9,0.433,0.9,1.1,0.81,0.5,3.7,4.2,2.1,0.8,0.2,0.8,1.6,17.4
43,Jordan Bell,C,27,CHI,1,0,2,0,0,,0,0,,0,0,,0,0,,18,0,18,0,18,0,0,36,0
44,DeAndre' Bembry,SF,27,TOT,56,20,1026,4.4,7.8,0.561,0.5,1.3,0.417,3.8,6.5,0.589,0.7,1.2,0.6,1.5,4.2,5.7,2.3,1.7,0.9,1.1,4,10
45,Dāvis Bertāns,PF,29,TOT,54,0,772,4.4,12.4,0.353,3.4,10.4,0.327,1,2,0.488,1.7,1.9,0.9,0.5,4.6,5,1.2,0.7,0.5,0.9,3.9,13.8
46,Patrick Beverley,PG,33,MIN,56,52,1433,4.3,10.7,0.407,2.1,5.9,0.347,2.3,4.7,0.481,2.3,3.2,0.724,1.5,4.3,5.9,6.4,1.7,1.3,1.8,4.2,13.1
47,Saddiq Bey,SF,22,DET,80,80,2658,6,15,0.397,2.8,8.1,0.35,3.1,6.9,0.452,2.8,3.4,0.827,1.4,4.5,5.9,3.1,1,0.2,1.3,1.7,17.6
48,Khem Birch,C,29,TOR,52,25,932,3.5,7.2,0.481,0,0.5,0,3.5,6.7,0.517,2,2.7,0.746,4.4,4.3,8.7,2,1,1,1,3.9,9
49,Goga Bitadze,C,22,IND,50,16,729,6.5,12.4,0.52,1.1,4,0.288,5.3,8.5,0.628,3.2,4.6,0.681,3.9,4.8,8.7,2.7,1,2.1,2.3,5.3,17.2
50,Bismack Biyombo,C,29,PHO,35,3,480,6.1,10.4,0.587,0,0,,6.1,10.4,0.587,2.5,5,0.515,4.6,7.3,11.8,1.6,0.9,1.8,1.9,5,14.7
51,Nemanja Bjelica,C,33,GSW,68,0,1088,5,10.9,0.46,1.7,4.8,0.359,3.3,6.1,0.541,1.8,2.5,0.711,1.9,7.4,9.2,4.9,1.2,0.9,2.7,4.1,13.5
52,Eric Bledsoe,PG,32,LAC,54,29,1361,5.2,12.4,0.421,1.3,4.3,0.313,3.9,8.1,0.479,2.4,3.1,0.761,0.7,4.1,4.8,6,1.8,0.5,3.1,2.2,14.1
53,Keljin Blevins,SF,26,POR,28,1,309,3.6,11.3,0.32,2.2,7.2,0.306,1.4,4.1,0.343,0.7,1.3,0.545,1.9,2.9,4.8,2.1,1.3,0.1,1.9,2.9,10.1
54,Bogdan Bogdanović,SG,29,ATL,61,27,1784,6.6,15.4,0.432,3.3,8.9,0.367,3.4,6.5,0.522,1.8,2.1,0.858,0.6,4.2,4.8,3.7,1.3,0.3,1.4,2.6,18.4
55,Bojan Bogdanović,PF,32,UTA,68,68,2099,7.1,15.6,0.456,3.1,7.8,0.389,4.1,7.8,0.523,3.8,4.4,0.855,1,4,5,2,0.5,0,2,1.9,21
56,Bol Bol,PF,22,DEN,14,0,81,6.7,12,0.556,0.4,1.8,0.25,6.2,10.2,0.609,0.9,2.2,0.4,1.8,7.1,8.9,2.2,0.4,0.9,1.8,1.8,14.7
57,Leandro Bolmaro,SF,21,MIN,34,2,223,2.1,7.3,0.289,0.6,2.7,0.235,1.5,4.5,0.321,1.5,1.8,0.818,2.4,4,6.5,2.7,1,0,2.1,4,6.3
58,Isaac Bonga,SF,22,TOR,15,0,69,1.6,6.8,0.231,0.5,2.1,0.25,1,4.7,0.222,2.6,4.2,0.625,2.1,1.6,3.7,2.1,4.2,1,1,5.2,6.3
59,Devin Booker,SG,25,PHO,67,67,2307,10.1,21.8,0.465,2.8,7.4,0.383,7.3,14.4,0.508,4.8,5.6,0.866,0.7,4.6,5.3,5.1,1.2,0.4,2.5,2.7,27.9
60,Brandon Boston Jr.,SG,20,LAC,50,0,722,5.8,15.5,0.377,1.7,5.4,0.312,4.1,10,0.413,2.8,3.4,0.838,0.8,4.4,5.2,2.3,1.2,0.6,1.5,2.1,16.2
61,Chris Boucher,PF,29,TOR,77,9,1614,5.8,12.4,0.468,1.4,4.8,0.295,4.3,7.5,0.579,3.1,4,0.767,3.9,6.8,10.7,0.5,1.1,1.6,0.9,3.7,16.1
62,James Bouknight,SG,21,CHO,29,0,298,5.8,16.6,0.35,2.1,5.9,0.347,3.7,10.6,0.352,3.3,3.7,0.871,2.5,3.3,5.8,2.8,0.8,0.1,1.7,3.4,16.9
63,Avery Bradley,SG,31,LAL,62,45,1406,3.8,9,0.423,2.1,5.4,0.39,1.7,3.6,0.471,0.4,0.5,0.889,0.8,2.7,3.5,1.2,1.4,0.2,1,3,10.1
64,Tony Bradley,C,24,CHI,54,7,534,4.5,7.8,0.583,0,0,,4.5,7.8,0.583,1.2,1.8,0.667,4.1,7.9,12,1.8,0.7,2.2,2.1,3.9,10.2
65,Ignas Brazdeikis,SF,23,ORL,40,1,480,5.3,12.2,0.436,1.9,5.6,0.333,3.4,6.6,0.523,1.2,1.9,0.64,1.5,3.2,4.6,2.5,0.7,0.1,1.2,3.3,13.7
66,Mikal Bridges,SF,25,PHO,80,80,2814,5.8,10.8,0.533,1.5,4,0.371,4.3,6.9,0.627,1.6,2,0.83,0.9,3.4,4.4,2.3,1.2,0.5,0.9,1.9,14.6
67,Miles Bridges,PF,23,CHO,77,77,2757,7.6,15.4,0.493,1.9,5.9,0.331,5.6,9.5,0.593,3.4,4.3,0.798,1.2,5.9,7.1,3.8,1,0.8,1.9,2.5,20.5
68,Oshae Brissett,SF,23,IND,65,23,1500,4.6,11.4,0.403,1.8,5.3,0.338,2.8,6.1,0.461,2.5,3.6,0.702,2.5,5.8,8.2,1.6,1,0.7,1.3,2.6,13.6
69,Malcolm Brogdon,PG,29,IND,36,36,1206,7.3,16.2,0.448,1.7,5.6,0.312,5.5,10.7,0.518,4.3,5,0.856,1,4.5,5.5,6.3,0.9,0.4,2.3,2.1,20.5
70,Armoni Brooks,SG-PG,23,TOT,52,9,811,4.3,12.5,0.344,3.2,10.7,0.302,1.1,1.8,0.6,0.7,0.8,0.842,0.8,3.5,4.3,2.6,1.2,0.5,1.2,3.1,12.6
71,Dillon Brooks,SF,26,MEM,30,29,835,9.1,21.3,0.428,1.9,6.1,0.303,7.3,15.2,0.479,3.8,4.5,0.846,1.3,3,4.2,3.5,1.5,0.3,2.1,4.3,23.9
72,Bruce Brown,SF,25,BRK,70,43,1696,5.1,10.2,0.503,0.7,1.9,0.398,4.4,8.3,0.527,1.9,2.5,0.748,2,4.9,7,2.9,1.5,1,1.1,3.6,12.9
73,Charlie Brown Jr.,SG,24,TOT,22,2,177,2,7.9,0.256,0.2,2.4,0.083,1.8,5.5,0.333,1.8,2,0.9,2.8,3.7,6.5,1.2,2,0.8,1,3.7,6.1
74,Chaundee Brown Jr.,SG-SF,23,TOT,5,2,104,3.5,11.1,0.313,2.1,6.2,0.333,1.4,4.8,0.286,1.7,2.1,0.833,0.3,5.2,5.5,1.4,0.7,0,0.3,2.4,10.7
75,Greg Brown III,SF,20,POR,45,4,572,4.8,11,0.44,1.1,3.2,0.333,3.8,7.8,0.484,2.8,4.1,0.677,2.4,5.3,7.7,1.8,1.6,1.3,1.8,5.3,13.5
76,Jaylen Brown,SF,25,BOS,64,64,2160,9.3,19.7,0.474,2.7,7.5,0.361,6.6,12.2,0.544,3.9,5.2,0.762,0.9,5.6,6.5,3.6,1.1,0.3,2.8,2.6,25.3
77,Moses Brown,C,22,TOT,38,6,332,6.4,11.1,0.578,0,0,,6.4,11.1,0.578,4.7,7.8,0.597,4.1,10.3,14.4,0.1,0.8,1.7,2.2,5.4,17.5
78,Sterling Brown,SG,26,DAL,48,3,614,3.3,8.7,0.376,1.6,5.2,0.303,1.7,3.5,0.483,0.8,0.9,0.933,1.5,7,8.5,2,0.8,0.4,1.3,3.1,9
79,Troy Brown Jr.,SF,22,CHI,64,6,996,3.6,8.7,0.413,1.6,4.4,0.35,2,4.2,0.479,0.7,0.9,0.76,1.3,5.4,6.8,2.1,1.1,0.2,0.9,2.2,9.4
80,Jalen Brunson,PG,25,DAL,77,59,2477,7.2,14.4,0.503,1.3,3.5,0.372,5.9,10.9,0.545,2.5,3,0.841,0.6,3.7,4.4,5.4,1,0,1.8,2.2,18.3
81,Thomas Bryant,C,24,WAS,26,9,414,6.7,12.5,0.535,1,3.5,0.3,5.7,9,0.625,3,3.5,0.875,2.3,6.3,8.5,2,0.5,1.6,1.6,3.6,17.5
82,Shaq Buchanan,PG,25,MEM,2,0,10,3.6,14.4,0.25,0,7.2,0,3.6,7.2,0.5,0,0,,3.6,3.6,7.2,7.2,3.6,0,7.2,3.6,7.2
83,Reggie Bullock,SF,30,DAL,66,35,1849,3.9,9.5,0.406,2.7,7.5,0.363,1.1,2,0.562,0.8,0.9,0.83,0.6,4,4.6,1.6,0.8,0.3,0.7,2,11.2
84,Trey Burke,PG,29,DAL,40,0,420,6.9,17.7,0.393,2.1,6.9,0.313,4.8,10.8,0.444,1.7,2,0.87,0.3,2.3,2.7,4.5,0.9,0,2.2,3.2,17.7
85,Alec Burks,SG,30,NYK,79,42,2245,4.5,11.4,0.393,2.5,6.1,0.406,2,5.3,0.378,3.4,4.2,0.823,0.7,5.5,6.2,3.6,1.3,0.4,1.4,3.3,14.9
86,Jared Butler,SG,21,UTA,40,1,334,6.3,15.5,0.403,2.9,9.1,0.321,3.3,6.5,0.517,0.8,1.3,0.583,0.5,4,4.5,6.5,1.7,0.8,3.3,4.7,16.2
87,Jimmy Butler,SF,32,MIA,56,56,1894,7.5,15.6,0.48,0.5,2.2,0.237,7,13.4,0.519,7.3,8.4,0.871,1.9,4.4,6.3,5.9,1.8,0.5,2.2,1.6,22.8
88,Devontae Cacok,PF,25,SAS,12,0,94,7.3,10.3,0.704,0,0,,7.3,10.3,0.704,1.5,2.7,0.571,2.7,11.5,14.2,1.9,2.7,2.7,0.8,4.6,16.1
89,Kentavious Caldwell-Pope,SG,28,WAS,77,77,2329,5.6,12.8,0.435,2.5,6.3,0.39,3.1,6.5,0.48,2.1,2.4,0.89,0.6,3.4,4,2.2,1.3,0.4,1.5,2.1,15.7
90,Facundo Campazzo,PG,30,DEN,63,4,1173,3.3,8.9,0.364,1.7,5.8,0.302,1.5,3.1,0.48,1.8,2.4,0.769,0.7,2.9,3.6,6.6,1.9,0.7,2,3.8,10.1
91,Vlatko Čančar,PF,24,DEN,14,1,152,5.2,9.2,0.564,1.7,2.8,0.583,3.6,6.4,0.556,2.1,2.8,0.75,1.4,4,5.4,3.1,0.5,0.7,1.9,3.1,14.2
92,Devin Cannady,PG,25,ORL,3,0,84,3,9.4,0.318,3,7.3,0.412,0,2.1,0,0.9,1.7,0.5,0.4,2.1,2.6,3,2.1,0.9,1.7,2.1,9.9
93,Clint Capela,C,27,ATL,72,71,1991,6.4,10.5,0.609,0,0,0,6.4,10.5,0.61,1.4,2.9,0.463,4.8,10.6,15.4,1.7,1,1.6,0.8,2.9,14.2
94,Vernon Carey Jr.,C,20,TOT,5,1,18,6,12,0.5,0,0,,6,12,0.5,4,6,0.667,6,4,10,0,2,0,2,2,16
95,Jevon Carter,PG,26,TOT,63,2,847,4.1,10.2,0.402,2.7,6.9,0.393,1.4,3.2,0.421,0.6,0.8,0.833,0.6,3.8,4.3,3.7,0.9,0.6,1.4,2.6,11.5
96,Wendell Carter Jr.,C,22,ORL,62,61,1852,7,13.3,0.525,1.4,4.2,0.327,5.6,9.1,0.615,2.8,4,0.691,2.7,9.9,12.6,3.3,0.7,0.8,2.3,3.3,18.1
97,Alex Caruso,SG,27,CHI,41,18,1147,3.2,8,0.398,1.3,4,0.333,1.9,4.1,0.462,1.8,2.3,0.795,1,3.6,4.6,5.2,2.2,0.5,1.8,3.3,9.5
98,Willie Cauley-Stein,C,28,TOT,20,2,183,3.1,6.9,0.457,0.2,0.4,0.5,3,6.5,0.455,0.2,0.4,0.5,2.6,5.3,7.9,2,1.2,0.6,1.4,3.7,6.7
99,Ahmad Caver,PG,25,IND,1,0,1,36,36,1,0,0,,36,36,1,0,0,,0,0,0,0,0,0,0,0,72
100,Justin Champagnie,SF,20,TOR,35,0,274,3.9,8.5,0.462,1.2,3.4,0.346,2.8,5.1,0.538,1.2,1.2,1,4.9,4.3,9.2,1.4,0.9,0.5,0.9,4.2,10.2
101,Zylan Cheatham,SF,26,UTA,1,0,5,0,21.6,0,0,14.4,0,0,7.2,0,0,0,,0,0,0,0,0,0,0,0,0
102,Chris Chiozza,PG,26,GSW,34,1,372,2.3,7.8,0.296,1.6,5.1,0.321,0.7,2.7,0.25,0.2,0.3,0.667,0.9,2.6,3.5,6.3,1.3,0,3.1,3.1,6.5
103,Marquese Chriss,PF,24,DAL,33,0,325,6.6,14.1,0.472,0.9,2.8,0.32,5.8,11.3,0.51,2.2,3.4,0.645,3.3,7.8,11.1,1.9,1.4,1.3,1.9,6.8,16.4
104,Josh Christopher,SG,20,HOU,72,2,1284,6,13.5,0.442,1.5,5.1,0.297,4.5,8.4,0.53,2.3,3.1,0.743,1.5,3.6,5,4,1.8,0.4,3.1,2.5,15.7
105,Gary Clark,PF,27,NOP,35,1,333,2.9,8.2,0.355,2.6,6.8,0.381,0.3,1.4,0.231,0.6,0.9,0.75,1.8,6.9,8.8,1.5,1.2,0.8,0.8,2.1,9.1
106,Brandon Clarke,PF,25,MEM,62,1,1215,8.1,12.7,0.635,0.1,0.7,0.227,7.9,12.1,0.657,2.5,3.8,0.656,3.9,6,9.9,2.5,1.1,2,1,3.6,18.8
107,Jordan Clarkson,SG,29,UTA,77,1,2090,7.9,18.8,0.422,3.2,10,0.321,4.7,8.8,0.537,2.4,2.9,0.825,1.1,3.4,4.5,3.3,1.1,0.3,2.2,2.5,21.5
108,Nic Claxton,C,22,BRK,45,19,935,6.5,9.8,0.667,0,0,,6.5,9.8,0.667,2,3.5,0.571,3.4,6.3,9.7,1.5,0.9,1.9,1.4,3.9,15.1
109,Amir Coffey,SG,24,LAC,67,29,1520,4.7,10.5,0.446,2.1,5.8,0.365,2.6,4.7,0.545,2.3,2.7,0.861,0.6,3.8,4.4,2.8,0.9,0.3,1,2,13.8
110,John Collins,PF,24,ATL,54,53,1663,7.3,13.9,0.526,1.4,3.8,0.364,6,10.1,0.588,2.9,3.7,0.793,2,7.1,9.1,2.1,0.7,1.2,1.3,3.6,19
111,Zach Collins,PF,24,SAS,25,3,449,5.4,11.2,0.479,1,3,0.324,4.4,8.3,0.534,3.5,4.5,0.786,3.7,7.3,11,4.3,0.8,1.4,3.3,4.7,15.2
112,Darren Collison,PG,34,LAL,3,0,37,1.9,6.8,0.286,0,2.9,0,1.9,3.9,0.5,0,0,,0,3.9,3.9,1.9,1,0,1,4.9,3.9
113,Mike Conley,PG,34,UTA,70,70,1999,6,13.8,0.437,3,7.2,0.41,3,6.5,0.466,2.3,2.8,0.808,0.8,3,3.8,6.7,1.7,0.4,2.2,2.4,17.3
114,Pat Connaughton,SG,29,MIL,63,19,1647,4.9,10.5,0.461,3.1,7.9,0.394,1.7,2.7,0.656,0.9,1.1,0.827,0.9,4.9,5.8,1.7,1.2,0.3,0.7,1.8,13.7
115,Tyler Cook,PF,24,CHI,19,2,196,4,6.6,0.611,0,0,,4,6.6,0.611,3.7,5.7,0.645,2.9,6.6,9.6,0.6,0.7,0.7,1.3,4.8,11.8
116,Sharife Cooper,PG,20,ATL,12,0,37,2.9,13.6,0.214,1,5.8,0.167,1.9,7.8,0.25,0,0,,0,4.9,4.9,4.9,0,0,4.9,1,6.8
117,Petr Cornelie,PF,26,DEN,13,0,38,4.7,14.2,0.333,0.9,7.6,0.125,3.8,6.6,0.571,2.8,3.8,0.75,6.6,6.6,13.3,2.8,0.9,0.9,3.8,6.6,13.3
118,DeMarcus Cousins,C,31,TOT,46,6,690,7.5,16.5,0.456,1.8,6.2,0.297,5.7,10.3,0.551,4.6,6.1,0.761,3.7,10,13.6,3.4,1.8,1,4.3,7,21.5
119,Robert Covington,PF-SF,31,TOT,69,41,1907,3.9,9.2,0.42,2.3,6.2,0.376,1.5,2.9,0.513,1,1.2,0.833,1.1,6.1,7.1,1.7,1.9,1.7,1.4,3.5,11.1
120,Torrey Craig,SF,31,TOT,76,16,1557,4.5,9.8,0.455,1.7,5.1,0.329,2.8,4.7,0.593,0.9,1.2,0.75,1.9,5.2,7.1,2,1.1,0.8,1.5,3.4,11.6
121,Jae Crowder,PF,31,PHO,66,66,1860,4.2,10.4,0.4,2.4,7,0.349,1.7,3.4,0.506,1.4,1.7,0.789,0.6,6.1,6.7,2.4,1.8,0.6,1.1,3.3,12.1
122,Jarrett Culver,SG,22,MEM,36,0,307,5.4,14,0.387,1.2,4.8,0.244,4.2,9.1,0.462,1.6,3.4,0.483,1.5,3.9,5.4,3.8,2.2,0.6,2.1,4.6,13.6
123,Jarron Cumberland,SG,24,POR,3,0,12,3,6,0.5,0,3,0,3,3,1,0,0,,3,6,9,3,0,0,0,6,6
124,Cade Cunningham,PG,20,DET,63,63,2050,7.4,17.8,0.418,2,6.3,0.318,5.4,11.5,0.472,2.5,2.9,0.843,1,5.1,6.1,6.1,1.4,0.7,4,3.4,19.3
125,Seth Curry,SG,31,TOT,63,63,2106,6.1,12.5,0.486,2.7,6.3,0.424,3.4,6.2,0.55,1.4,1.6,0.872,0.3,3,3.4,3.9,0.9,0.2,1.8,2.5,16.2
126,Stephen Curry,PG,33,GSW,64,64,2211,8.7,19.9,0.437,4.6,12.2,0.38,4.1,7.7,0.527,4.5,4.9,0.923,0.6,4.9,5.5,6.6,1.4,0.4,3.4,2.1,26.5
127,Anthony Davis,C,28,LAL,40,40,1404,9.5,17.8,0.532,0.3,1.8,0.186,9.2,16,0.571,4.5,6.3,0.713,2.7,7.4,10.1,3.1,1.3,2.3,2.1,2.5,23.8
128,Ed Davis,C,32,CLE,30,3,200,2,2.9,0.688,0,0,,2,2.9,0.688,1.1,2.5,0.429,2.5,9,11.5,1.3,0.5,1.6,0.9,5.9,5
129,Terence Davis,SG,24,SAC,30,11,536,7.6,17.9,0.423,3.3,10,0.329,4.3,7.9,0.542,2.4,3,0.818,0.7,5.6,6.3,2.7,1.7,0.7,2.2,4.7,20.9
130,Gabriel Deck,PF,26,OKC,7,0,56,5.1,9,0.571,1.3,2.6,0.5,3.9,6.4,0.6,0,0,,0.6,3.2,3.9,3.2,0.6,0,1.3,1.3,11.6
131,Dewayne Dedmon,C,32,MIA,66,15,1050,5.6,9.9,0.566,0.7,1.6,0.413,4.9,8.3,0.595,2.5,3.4,0.755,3.6,9.5,13.1,1.6,0.8,1.4,2.4,5.9,14.4
132,Sam Dekker,PF,27,TOR,1,0,1,0,0,,0,0,,0,0,,0,0,,0,0,0,0,0,0,0,0,0
133,Javin DeLaurier,C,23,MIL,1,0,3,0,0,,0,0,,0,0,,0,0,,0,12,12,0,12,0,0,12,0
134,DeMar DeRozan,PF,32,CHI,75,75,2713,10.2,20.2,0.504,0.7,1.9,0.355,9.5,18.3,0.519,6.9,7.8,0.878,0.7,4.4,5.2,4.9,0.9,0.3,2.3,2.3,27.9
135,Mamadi Diakite,PF,25,OKC,13,3,188,4.8,9,0.532,0,1,0,4.8,8,0.595,1.1,2.1,0.545,3.3,8,11.3,0.4,1,1.7,1.3,6.3,10.7
136,Cheick Diallo,C,25,DET,3,0,31,3.5,9.3,0.375,0,0,,3.5,9.3,0.375,5.8,7,0.833,4.6,9.3,13.9,0,1.2,0,1.2,7,12.8
137,Hamidou Diallo,SG,23,DET,58,29,1269,7.4,14.9,0.496,0.7,2.6,0.247,6.8,12.3,0.55,2.6,4,0.65,2,5.9,7.9,2.1,2,0.5,1.6,4.1,18
138,Gorgui Dieng,C,32,ATL,44,3,371,5.1,10.9,0.473,2.8,6.6,0.426,2.3,4.3,0.545,1.8,2.5,0.731,3.1,8.6,11.7,3.3,1.1,1.3,1.9,5,14.9
139,Spencer Dinwiddie,PG,28,TOT,65,51,1946,5.5,13.4,0.414,2,6,0.332,3.6,7.4,0.479,3.6,4.6,0.774,0.8,4.3,5.1,6.3,0.8,0.2,1.9,2.8,16.6
140,Donte DiVincenzo,SG,25,TOT,40,1,958,4.1,11.9,0.346,2.6,7.8,0.332,1.5,4.1,0.373,2.4,2.8,0.865,1.5,4.6,6.1,4.2,1.7,0.3,2.5,2.4,13.3
141,Luka Dončić,PG,22,DAL,63,63,2242,10,21.9,0.455,3.1,8.8,0.349,6.9,13.1,0.527,5.6,7.5,0.74,0.9,8.3,9.2,8.9,1.2,0.5,4.5,2.3,28.6
142,Luguentz Dort,SF,22,OKC,51,51,1665,6.3,15.7,0.404,2.8,8.5,0.332,3.5,7.2,0.487,3.5,4.1,0.843,0.8,3.8,4.6,1.9,1,0.4,1.9,3.2,19
143,Ayo Dosunmu,SG,22,CHI,75,39,2037,4.6,9,0.517,1.2,3.1,0.371,3.5,5.8,0.596,0.8,1.2,0.681,0.4,3.2,3.7,4.4,1,0.5,1.7,3.1,11.3
144,Damyean Dotson,SG,27,NYK,2,0,21,3.4,6.9,0.5,0,1.7,0,3.4,5.1,0.667,0,0,,0,3.4,3.4,1.7,0,0,0,0,6.9
145,Devon Dotson,PG,22,CHI,11,0,85,4.7,9.7,0.478,0.8,3.8,0.222,3.8,5.9,0.643,2.1,3.8,0.556,0.4,3.4,3.8,6.4,0.4,0,2.1,4.7,12.3
146,Sekou Doumbouya,PF,21,LAL,2,0,16,11.3,18,0.625,2.3,4.5,0.5,9,13.5,0.667,6.8,9,0.75,4.5,9,13.5,0,6.8,4.5,4.5,2.3,31.5
147,Jeff Dowtin,PG,24,TOT,9,0,108,2.7,8.7,0.308,0.3,3,0.111,2.3,5.7,0.412,0.7,0.7,1,2.7,3.3,6,3.3,1.7,0.3,1.7,1.7,6.3
148,PJ Dozier,SG,25,DEN,18,0,340,3.8,10.5,0.364,1.6,5.1,0.313,2.2,5.4,0.412,1.1,1.4,0.769,1.5,5.2,6.7,3.1,1.2,0.6,1.4,3.5,10.3
149,Goran Dragić,PG,35,TOT,21,8,498,4.1,10.9,0.377,1.2,4.6,0.254,3,6.4,0.466,2,2.4,0.818,0.9,3.8,4.7,6.2,1.4,0.3,2.5,3.3,11.3
150,Andre Drummond,C,28,TOT,71,34,1393,6,10.7,0.559,0,0.1,0,6,10.6,0.563,2.1,4.2,0.516,5.7,11.2,16.9,3.3,2,1.7,2.9,4.8,14.1
151,Chris Duarte,SG,24,IND,55,39,1541,6.3,14.5,0.432,2.2,6,0.369,4.1,8.6,0.475,2.1,2.6,0.804,1,4.3,5.3,2.7,1.3,0.2,2.1,2.2,16.8
152,David Duke Jr.,PG,22,BRK,21,7,340,4.1,11.4,0.361,1,3.9,0.243,3.2,7.5,0.423,1.8,2.2,0.81,3.2,3.9,7.1,1.8,1.5,0.7,1,3.8,11
153,Kris Dunn,PG,27,POR,13,2,316,5,11.4,0.44,0.1,1.3,0.091,4.9,10.1,0.483,1.7,1.8,0.938,1,4.3,5.4,8.3,2.4,0.3,3.2,4,11.8
154,Kevin Durant,PF,33,BRK,53,53,1966,10.3,19.7,0.521,2,5.3,0.385,8.3,14.5,0.571,6.4,7.1,0.905,0.5,6.7,7.2,6,0.8,0.9,3.3,2,29.1
155,Jaime Echenique,C,24,WAS,1,0,3,0,0,,0,0,,0,0,,0,0,,0,0,0,0,0,0,0,0,0
156,Anthony Edwards,SG,20,MIN,70,70,2408,7.9,18.1,0.438,3.1,8.7,0.358,4.8,9.3,0.514,3.1,3.9,0.784,0.9,4.1,5,4,1.5,0.7,2.8,2.4,22.1
157,Carsen Edwards,SG,23,DET,2,0,40,4.5,15.3,0.294,1.8,7.2,0.25,2.7,8.1,0.333,0.9,0.9,1,0.9,1.8,2.7,8.1,1.8,0,1.8,2.7,11.7
158,Kessler Edwards,SF,21,BRK,46,22,924,4,9.7,0.412,1.8,5.1,0.359,2.2,4.6,0.471,0.5,0.7,0.824,1.6,4.8,6.4,1.2,1.1,0.9,1.6,3.2,10.4
159,Rob Edwards,SG,25,OKC,2,0,11,3.3,13.1,0.25,3.3,13.1,0.25,0,0,,0,0,,0,9.8,9.8,0,0,0,3.3,0,9.8
160,CJ Elleby,SF,21,POR,55,25,1079,3.6,9.3,0.382,1.1,3.8,0.289,2.5,5.5,0.446,2,2.7,0.72,2.1,5.1,7.2,2.7,1,0.6,1.7,3.6,10.2
161,Wayne Ellington,SG,34,LAL,40,9,742,4.2,10.3,0.408,3.6,9.3,0.393,0.6,1.1,0.545,0.2,0.2,0.8,0.5,2.8,3.3,1.4,1.1,0.2,0.8,1.9,12.3
162,Joel Embiid,C,27,PHI,66,66,2222,10.4,21,0.496,1.5,4,0.371,8.9,17,0.525,10.3,12.6,0.816,2.3,10.1,12.4,4.5,1.2,1.6,3.3,2.8,32.5
163,James Ennis III,SF,31,TOT,7,0,56,7.1,15.4,0.458,1.9,5.1,0.375,5.1,10.3,0.5,2.6,3.2,0.8,3.2,4.5,7.7,1.9,1.3,1.3,1.3,3.2,18.6
164,Drew Eubanks,C,24,TOT,69,29,1187,6.2,10.5,0.59,0.2,0.6,0.238,6,9.9,0.612,2.9,3.8,0.754,3.9,7.3,11.2,2.5,0.9,1.2,2.4,3.5,15.4
165,Tacko Fall,C,26,CLE,11,1,59,3.1,7.3,0.417,0,0,,3.1,7.3,0.417,1.2,4.3,0.286,4.3,9.8,14,1.2,0,3.7,1.8,1.8,7.3
166,Derrick Favors,C,30,OKC,39,18,653,5.2,10,0.516,0.1,0.9,0.125,5.1,9.2,0.554,0.9,1.4,0.64,3.2,6.9,10.1,1.4,0.9,0.7,0.5,3.4,11.4
167,Bruno Fernando,C,23,TOT,30,0,152,8.5,13,0.655,0.2,0.5,0.5,8.3,12.6,0.66,3.6,5.7,0.625,4.3,8.8,13,1.7,0.2,2.6,3.3,5.7,20.8
168,Dorian Finney-Smith,PF,28,DAL,78,78,2592,4.4,9.4,0.465,2.3,5.9,0.385,2.1,3.5,0.596,0.8,1.2,0.675,1.7,3.4,5.1,2.1,1.2,0.5,1.1,2.5,11.8
169,Malik Fitts,PF,24,TOT,14,0,54,3.3,10,0.333,2.7,6,0.444,0.7,4,0.167,0,0,,0.7,8.7,9.3,2,0,0,1.3,2.7,9.3
170,Malachi Flynn,PG,23,TOR,41,5,486,4.9,12,0.407,2,6,0.333,2.9,6,0.481,1,1.7,0.609,0.7,3.6,4.3,4.7,1.3,0.3,0.9,3.2,12.8
171,Bryn Forbes,SG,28,TOT,74,1,1250,6.5,15.1,0.429,3.4,8.2,0.412,3.1,6.9,0.448,2.1,2.3,0.9,0.3,2.4,2.6,2.1,0.7,0.1,1.6,2.7,18.4
172,Aleem Ford,SF,24,ORL,5,0,74,2.9,9.7,0.3,1,7.3,0.133,1.9,2.4,0.8,0,0,,1,6.3,7.3,1,0.5,0,1.9,3.4,6.8
173,Trent Forrest,PG,23,UTA,60,6,765,3.6,7.3,0.49,0.2,1.3,0.185,3.3,6,0.555,1.8,2.3,0.792,1.1,3.6,4.7,5,1.4,0.3,2.3,2,9.2
174,Evan Fournier,SG,29,NYK,78,78,2298,6.2,14.7,0.419,3.7,9.4,0.392,2.5,5.3,0.468,1.2,1.7,0.712,0.5,2.7,3.2,2.6,1.2,0.3,1.6,2.7,17.3
175,De'Aaron Fox,PG,24,SAC,59,59,2083,8.9,18.9,0.473,1.3,4.3,0.297,7.6,14.6,0.524,4.5,6,0.75,0.4,3.6,4,5.7,1.2,0.4,2.9,3,23.6
176,Melvin Frazier,SG,25,OKC,1,0,33,4.4,16.4,0.267,0,6.5,0,4.4,9.8,0.444,0,1.1,0,3.3,2.2,5.5,0,1.1,0,1.1,0,8.7
177,Tim Frazier,PG,31,TOT,12,3,208,2.4,7.8,0.311,1,2.9,0.353,1.4,4.8,0.286,0.9,1.6,0.556,0.9,2.4,3.3,5.9,0.5,0.2,2.6,4.7,6.8
178,Enes Freedom,C,29,BOS,35,1,411,4.5,8.5,0.526,0.2,0.4,0.4,4.3,8.1,0.533,2.1,2.5,0.857,5.3,8.7,14,0.7,0.4,1.2,1.8,3.7,11.2
179,Markelle Fultz,PG,23,ORL,16,1,307,8.4,17.8,0.474,0.5,1.5,0.308,8,16.3,0.489,2.9,3.6,0.806,0.5,4.5,4.9,9.1,2.2,0.6,3.8,2.2,20.3
180,Wenyen Gabriel,PF,24,TOT,23,4,275,5.2,11.4,0.46,0.9,3.4,0.269,4.3,8,0.541,2.4,4.1,0.581,4.2,5.9,10.1,1.3,0.7,0.9,1.6,7.3,13.7
181,Daniel Gafford,C,23,WAS,70,51,1396,7.1,10.3,0.696,0,0,0,7.1,10.2,0.698,2.6,3.7,0.711,3.9,6.3,10.3,1.7,0.7,2.5,1.7,4.2,16.9
182,Danilo Gallinari,PF,33,ATL,64,16,1612,5.5,12.8,0.43,2.3,6.3,0.375,3.2,6.6,0.483,3.1,3.4,0.903,0.8,6,6.7,2.2,0.6,0.2,0.8,2,16.5
183,Langston Galloway,SG,30,TOT,7,0,107,2,8.7,0.231,0.7,5.4,0.125,1.3,3.4,0.4,0,0,,1,5,6.1,4,0.3,0,2,2.4,4.7
184,Darius Garland,PG,22,CLE,66,66,2366,8,17.4,0.461,2.6,6.7,0.379,5.4,10.6,0.512,3.2,3.6,0.89,0.6,2.8,3.4,8.7,1.3,0.1,3.7,1.7,21.8
185,Marcus Garrett,SG,23,MIA,12,0,128,1.4,5.9,0.238,0.3,1.1,0.25,1.1,4.8,0.235,0.6,1.4,0.4,2.5,3.9,6.5,2,1.4,0.8,0.6,4.5,3.7
186,Usman Garuba,PF,19,HOU,22,2,210,2.9,6.9,0.425,0.7,2.9,0.235,2.2,3.9,0.565,0.9,1.2,0.714,3.4,9.1,12.5,2.4,1.4,1.7,1,3.9,7.4
187,Luka Garza,C,23,DET,31,5,358,5.8,13,0.45,1.4,4.2,0.333,4.4,8.7,0.506,3.6,5.5,0.655,5.1,3.9,9.1,1.6,0.9,0.5,1.7,5.2,16.7
188,Rudy Gay,PF,35,UTA,54,1,1020,5.4,13.1,0.414,2.5,7.1,0.35,3,6.1,0.488,2.1,2.7,0.779,1.9,6.5,8.4,1.9,0.9,0.6,1.6,3.3,15.5
189,Paul George,SF,31,LAC,30,30,1044,9,21.4,0.418,2.9,8.6,0.343,6,12.9,0.468,4.3,5,0.863,0.4,6.7,7.1,5.7,2.2,0.4,4.2,2.4,25.2
190,Taj Gibson,C,36,NYK,50,4,906,3.3,6.2,0.522,0.6,1.5,0.405,2.7,4.8,0.558,1.5,1.9,0.792,3.3,5.4,8.7,1.2,0.8,1.5,1,5.3,8.6
191,Josh Giddey,SG,19,OKC,54,54,1700,6,14.2,0.419,1.2,4.5,0.263,4.8,9.7,0.492,1.2,1.7,0.709,2.1,6.8,8.9,7.3,1.1,0.4,3.6,1.9,14.3
192,Shai Gilgeous-Alexander,PG,23,OKC,56,56,1942,8.8,19.5,0.453,1.6,5.5,0.3,7.2,14,0.514,6.1,7.5,0.81,0.7,4.5,5.2,6.1,1.3,0.9,2.9,2.6,25.4
193,Anthony Gill,PF,29,WAS,42,0,428,4.8,8.2,0.588,1.1,2,0.542,3.7,6.1,0.603,3.4,4.2,0.8,2.4,3.9,6.3,1.9,0.3,0.9,1.2,4.6,14
194,Freddie Gillespie,PF,24,ORL,9,2,119,2.7,6.7,0.409,0,0.3,0,2.7,6.4,0.429,0.9,2.1,0.429,3.9,7,10.9,1.5,0.9,2.7,1.5,5.4,6.4
195,Rudy Gobert,C,29,UTA,64,64,2058,6.2,8.7,0.713,0,0.1,0,6.2,8.6,0.719,5,7.3,0.69,4.1,12.4,16.5,1.2,0.8,2.3,2,3,17.4
196,Brandon Goodwin,PG,26,CLE,34,5,492,4.7,11.1,0.421,1.4,4,0.345,3.3,7.1,0.464,1.8,2.8,0.632,1,3.9,4.9,6.6,1.8,0.1,2.5,2.7,12.5
197,Jordan Goodwin,SG,23,WAS,2,0,6,0,18,0,0,6,0,0,12,0,0,0,,0,6,6,0,0,0,0,6,0
198,Aaron Gordon,PF,26,DEN,74,74,2341,6.6,12.7,0.519,1.3,3.9,0.329,5.3,8.7,0.604,2.6,3.5,0.738,1.9,4.8,6.7,2.9,0.7,0.7,2,2.2,17
199,Eric Gordon,SG,33,HOU,57,46,1669,5.8,12.2,0.475,2.7,6.5,0.412,3.1,5.7,0.548,2.3,2.9,0.778,0.3,2.1,2.4,3.3,0.6,0.4,2.3,1.4,16.5
200,Devonte' Graham,PG,26,NOP,74,61,2124,4.9,13.6,0.363,3.2,9.4,0.342,1.7,4.2,0.408,1.9,2.3,0.843,0.6,2.4,3,5.2,1.2,0.2,1.7,1.6,15
201,Jerami Grant,PF,27,DET,47,47,1500,7.2,16.8,0.426,2.2,6.1,0.358,5,10.7,0.465,5.2,6.2,0.838,0.7,3.9,4.6,2.7,1.1,1.2,2,2.6,21.7
202,Hassani Gravett,PG,25,ORL,8,3,171,3.8,8,0.474,2.3,5.5,0.423,1.5,2.5,0.583,0.6,0.8,0.75,0.2,4.2,4.4,4.2,1.1,0.2,1.9,2.7,10.5
203,Danny Green,SF,34,PHI,59,25,1266,3.3,8.5,0.386,2.6,7.2,0.369,0.6,1.3,0.478,0.3,0.3,0.833,0.8,3.3,4.1,1.6,1.5,1,1.1,2.8,9.5
204,Draymond Green,PF,31,GSW,43,41,1246,3.5,6.8,0.517,0.4,1.5,0.288,3.1,5.3,0.582,1.7,2.6,0.652,1.3,7.9,9.2,8.6,1.6,1.4,3.8,3.6,9.2
205,Jalen Green,SG,19,HOU,65,65,2062,6.8,16,0.424,2.7,7.8,0.345,4.1,8.3,0.498,3.1,3.9,0.801,0.6,3.3,3.8,3,0.8,0.3,2.3,1.8,19.3
206,JaMychal Green,PF,31,DEN,65,8,1043,5.2,10.9,0.481,1.1,4.2,0.27,4.1,6.7,0.613,2.7,3.1,0.876,2.7,6.6,9.2,1.9,1.4,0.9,1.9,5.2,14.3
207,Javonte Green,SF,28,CHI,63,44,1464,4.2,7.7,0.543,0.9,2.4,0.367,3.3,5.3,0.623,2,2.4,0.833,2.2,4.3,6.5,1.4,1.6,0.8,0.7,3.2,11.2
208,Jeff Green,C,35,DEN,73,61,1798,5.4,10.4,0.519,1.1,3.3,0.317,4.3,7,0.615,3.2,3.8,0.833,0.8,3.7,4.5,1.9,0.6,0.5,1.4,2.9,15
209,Josh Green,SG,21,DAL,65,3,1006,4.5,8.9,0.508,1,2.6,0.365,3.6,6.3,0.568,1.1,1.5,0.698,1.8,3.7,5.5,2.7,1.6,0.5,1.5,4,11.1
210,Blake Griffin,PF,32,BRK,56,24,958,5,11.8,0.425,1.4,5.4,0.262,3.6,6.3,0.565,2.1,2.9,0.724,2.3,6.3,8.6,3.9,1,0.5,1.2,3.6,13.5
211,Quentin Grimes,SG,21,NYK,46,6,786,4.4,10.8,0.404,3.3,8.7,0.381,1.1,2.1,0.5,0.6,0.9,0.684,1.1,3.2,4.3,2,1.4,0.5,1.3,3.3,12.6
212,Kyle Guy,SG,24,MIA,19,0,186,5,12.6,0.4,2.7,7.7,0.35,2.3,4.8,0.48,1.5,2.3,0.667,0.8,2.5,3.3,3.3,1.4,0.2,2.5,2.3,14.3
213,Rui Hachimura,PF,23,WAS,40,11,883,6.9,14.2,0.489,2.1,4.6,0.447,4.9,9.5,0.509,1.7,2.4,0.7,0.9,5.3,6.2,1.8,0.9,0.3,1.3,2.1,17.7
214,Tyrese Haliburton,SG-PG,21,TOT,75,75,2619,5.7,12.2,0.47,2.2,5.3,0.415,3.5,6.9,0.512,2.1,2.5,0.842,0.8,3.4,4.2,8.4,1.8,0.7,2.6,1.6,15.7
215,Tyler Hall,SG,24,NYK,1,0,2,0,0,,0,0,,0,0,,0,0,,0,0,0,0,0,0,0,0,0
216,R.J. Hampton,SG,20,ORL,62,13,1334,4.4,11.6,0.379,1.6,4.7,0.341,2.8,6.9,0.404,2,3.1,0.635,0.5,4.3,4.9,4,1.1,0.4,2.2,2.6,12.3
217,Tim Hardaway Jr.,SG,29,DAL,42,20,1245,6,15.3,0.394,2.9,8.8,0.336,3.1,6.5,0.473,2.3,3,0.757,0.4,4.1,4.5,2.7,1.1,0.2,1,2.1,17.3
218,James Harden,PG-SG,32,TOT,63,63,2341,6.1,14.8,0.412,2.2,6.7,0.333,3.9,8.1,0.476,7,8.1,0.874,0.8,6.7,7.6,9.8,1.3,0.6,4.2,2.3,21.5
219,Maurice Harkless,SF,28,SAC,47,24,863,3.5,7.6,0.459,1.3,4.2,0.307,2.2,3.3,0.65,0.8,1.2,0.714,0.5,4.2,4.7,1,1.2,1,1.3,3.2,9.1
220,Jared Harper,PG,24,NOP,2,0,10,10.8,25.2,0.429,3.6,7.2,0.5,7.2,18,0.4,0,0,,3.6,0,3.6,10.8,0,3.6,3.6,7.2,25.2
221,Montrezl Harrell,C,28,TOT,68,3,1577,7.8,12.2,0.637,0.1,0.4,0.235,7.7,11.8,0.651,4.8,6.7,0.717,3.3,6.3,9.6,3.2,0.6,0.9,1.6,3,20.5
222,Gary Harris,SG,27,ORL,61,30,1730,5,11.5,0.434,2.4,6.3,0.384,2.6,5.2,0.494,1.7,2,0.874,0.7,1.8,2.5,2.2,1.2,0.2,1.3,2.3,14.1
223,Joe Harris,SF,30,BRK,14,14,423,4.8,10.6,0.452,3.5,7.5,0.466,1.3,3.1,0.417,0.4,0.5,0.833,0.4,4.3,4.8,1.2,0.6,0.2,1.4,2.6,13.4
224,Tobias Harris,PF,29,PHI,70,70,2449,7,14.6,0.483,1.4,3.9,0.367,5.6,10.6,0.526,2.5,3,0.841,1.1,6,7.1,3.6,0.6,0.6,1.6,2.3,18
225,Shaquille Harrison,SG,28,BRK,2,0,23,3.1,9.4,0.333,0,3.1,0,3.1,6.3,0.5,0,0,,1.6,4.7,6.3,4.7,1.6,1.6,3.1,4.7,6.3
226,Josh Hart,SG-SF,26,TOT,54,53,1791,5.8,11.4,0.504,1.5,4.3,0.343,4.3,7.2,0.601,3.2,4.2,0.758,1.2,6.6,7.8,4.5,1.2,0.3,2.3,3,16.2
227,Isaiah Hartenstein,C,23,LAC,66,0,1168,6.8,10.9,0.625,0.3,0.8,0.423,6.5,10.1,0.641,2.7,3.9,0.677,3.4,6.4,9.8,4.7,1.5,2.3,2.5,5.1,16.7
228,Udonis Haslem,C,41,MIA,12,0,63,7.4,14.9,0.5,0.6,1.7,0.333,6.9,13.1,0.522,1.7,1.7,1,2.3,8.6,10.9,1.7,0.6,0.6,2.3,6.3,17.1
229,Sam Hauser,SF,24,BOS,24,0,130,4.7,11.4,0.415,4.2,10.2,0.405,0.6,1.1,0.5,0,0,,1.4,5,6.4,2.2,0.3,0.6,0.6,1.9,13.6
230,Jaxson Hayes,C,21,NOP,67,25,1332,6.3,10.1,0.627,0.5,1.4,0.38,5.8,8.7,0.666,3.7,4.9,0.767,3,5.2,8.2,1.1,0.8,1.5,1.4,4.1,16.9
231,Killian Hayes,PG,20,DET,64,38,1609,3.8,9.9,0.384,1,3.6,0.27,2.8,6.4,0.447,1.3,1.6,0.778,0.8,3.8,4.6,6.1,1.7,0.8,2.5,4,9.8
232,Gordon Hayward,SF,31,CHO,49,48,1564,6.5,14.2,0.459,2,5.1,0.391,4.5,9.1,0.496,2.9,3.4,0.846,0.9,4.3,5.2,4.1,1.1,0.5,1.9,2,17.9
233,Aaron Henry,SF,22,PHI,6,0,17,2.1,10.6,0.2,0,2.1,0,2.1,8.5,0.25,0,0,,0,2.1,2.1,0,0,4.2,4.2,4.2,4.2
234,Juancho Hernangómez,PF,26,TOT,38,8,401,3.1,8.1,0.378,1.8,5.6,0.323,1.3,2.5,0.5,1.5,2.7,0.567,2.1,6,8.1,1.6,1.1,0.9,1.3,2.1,9.4
235,Willy Hernangómez,C,27,NOP,47,7,760,7.4,14.1,0.529,0.2,0.5,0.364,7.2,13.5,0.535,4.5,5.9,0.76,6.2,8.3,14.4,2.7,0.9,0.9,2.3,4.2,19.6
236,Tyler Herro,SG,22,MIA,65,10,2118,8.4,18.9,0.446,3,7.4,0.398,5.5,11.4,0.477,3.2,3.7,0.866,0.5,5,5.5,4.3,0.7,0.1,2.9,1.6,23
237,Buddy Hield,SG,29,TOT,79,30,2435,6.4,15.8,0.408,3.8,10.3,0.366,2.7,5.5,0.486,1.6,1.8,0.87,1,4.2,5.1,3.3,1,0.4,2.2,2.6,18.2
238,Haywood Highsmith,SF,25,MIA,18,0,123,2.6,8.5,0.31,2,5.9,0.35,0.6,2.6,0.222,0.6,1.2,0.5,2,4.1,6.1,1.2,0.6,0.6,0.6,3.5,7.9
239,George Hill,SG,35,MIL,52,17,1223,3.4,7.9,0.427,1.2,3.8,0.31,2.2,4.1,0.536,1.6,1.7,0.915,1.1,3.4,4.5,3.4,1.2,0.2,1.2,1.9,9.5
240,Malcolm Hill,SF-SG,26,TOT,18,0,200,4.1,9,0.46,2.3,6.3,0.371,1.8,2.7,0.667,2,2.5,0.786,2,3.8,5.8,0.9,1.1,0.5,0.4,4,12.6
241,Solomon Hill,PF,30,ATL,13,1,139,0.8,5.2,0.15,0.5,3.4,0.154,0.3,1.8,0.143,0,0,,1.6,4.4,6,3.1,1,0.5,0.3,4.1,2.1
242,Nate Hinton,SG,22,IND,2,0,2,0,18,0,0,0,,0,18,0,0,0,,0,0,0,0,0,0,18,0,0
243,Jaylen Hoard,SF,22,OKC,5,3,148,6.1,11.4,0.532,1.7,3.6,0.467,4.4,7.8,0.563,1.2,3.2,0.385,4.4,8.3,12.6,2.4,1,0.7,1.2,2.2,15.1
244,Aaron Holiday,PG,25,TOT,61,14,978,5.4,11.7,0.465,1.4,3.5,0.4,4,8.2,0.493,2.1,2.4,0.862,0.8,3.5,4.3,5.4,1.5,0.3,2.4,3.1,14.4
245,Jrue Holiday,PG,31,MIL,64,61,2142,7.8,15.5,0.501,2.2,5.2,0.416,5.6,10.4,0.544,2.2,2.9,0.767,1.1,3.8,4.9,7.4,1.8,0.5,3,2.1,19.9
246,Justin Holiday,SF-SG,32,TOT,72,63,2008,4.5,11.6,0.39,3,8.4,0.361,1.5,3.1,0.469,0.9,1.1,0.806,0.5,2.8,3.3,2.2,1,0.6,1.2,2.7,13
247,Richaun Holmes,C,28,SAC,45,37,1074,6.6,10.1,0.66,0.1,0.2,0.4,6.6,9.9,0.664,2.3,3,0.778,3.1,7.5,10.6,1.6,0.6,1.4,1.9,4.3,15.7
248,Rodney Hood,SF-SG,29,TOT,50,0,685,2.9,8.1,0.361,1.5,4.7,0.315,1.5,3.5,0.424,0.8,0.9,0.882,0.8,3.1,3.9,1.9,0.8,0.3,0.6,1.5,8.1
249,Scotty Hopson,SG,32,OKC,1,0,18,4,8,0.5,0,2,0,4,6,0.667,0,0,,0,2,2,2,0,0,4,2,8
250,Al Horford,C,35,BOS,68,68,1981,4.7,10.2,0.463,1.6,4.8,0.333,3.1,5.4,0.579,1.5,1.7,0.842,2,7.6,9.5,4.2,0.9,1.7,1.1,2.4,12.5
251,Talen Horton-Tucker,SG,21,LAL,57,16,1426,5.1,12.3,0.416,1.2,4.3,0.272,3.9,8,0.492,2.1,2.7,0.781,0.9,3.7,4.6,3.7,1.3,0.7,2,3.6,13.4
252,Danuel House Jr.,SF,28,TOT,40,6,676,4,9.8,0.408,2.3,5.9,0.391,1.7,3.9,0.432,2,2.6,0.792,0.9,4.5,5.4,2.3,1,0.9,1.6,2.7,12.3
253,Dwight Howard,C,36,LAL,58,25,922,4.8,7.9,0.609,0.3,0.5,0.583,4.5,7.4,0.611,3.4,5.2,0.657,4.4,8.7,13.1,1.2,1.2,1.3,1.7,4.4,13.3
254,Markus Howard,SG,22,DEN,29,0,149,7.5,19.8,0.378,6.3,14.5,0.433,1.2,5.3,0.227,3.1,3.6,0.867,0,2.2,2.2,1.4,1.9,0,1.4,2.7,24.4
255,Kevin Huerter,SG,23,ATL,72,58,2128,5.7,12.5,0.452,2.6,6.8,0.389,3,5.8,0.526,0.7,0.8,0.8,0.5,3.6,4.1,3.3,0.9,0.4,1.5,3,14.7
256,Jay Huff,C,23,LAL,4,0,20,0,5.4,0,0,3.6,0,0,1.8,0,0,0,,1.8,5.4,7.2,1.8,1.8,1.8,1.8,1.8,0
257,Elijah Hughes,SG-SF,23,TOT,33,4,378,4,11.9,0.336,2.2,8,0.274,1.8,3.9,0.463,0.5,0.7,0.714,0.6,4.3,4.9,1.9,1.1,0.6,1.2,3.3,10.7
258,De'Andre Hunter,SF,24,ATL,51,50,1519,5.8,13.2,0.443,1.7,4.5,0.37,4.2,8.7,0.481,2.9,3.8,0.764,0.6,3.5,4.1,1.6,0.9,0.5,1.5,3.5,16.2
259,Chandler Hutchison,SF,25,PHO,6,0,22,1.6,3.3,0.5,0,0,,1.6,3.3,0.5,3.3,3.3,1,0,8.2,8.2,3.3,0,0,6.5,1.6,6.5
260,Bones Hyland,PG,21,DEN,67,3,1265,6.2,15.6,0.4,3.6,9.8,0.363,2.7,5.8,0.461,2.9,3.4,0.85,0.4,4.8,5.2,5.1,1.1,0.5,2.4,4.2,18.9
261,Serge Ibaka,C-PF,32,TOT,53,12,866,6,12.1,0.495,1.5,4.1,0.378,4.4,8,0.554,1.3,1.8,0.727,2.5,7.7,10.2,2,0.5,1.4,1.8,4.1,14.8
262,Andre Iguodala,SF,38,GSW,29,0,565,2.7,7.1,0.387,1,4.4,0.232,1.7,2.7,0.643,0.9,1.1,0.778,1.3,4.7,6.1,6.8,1.5,1.4,1.7,2,7.4
263,Joe Ingles,SF,34,UTA,45,15,1122,3.7,9.1,0.404,2.5,7.2,0.347,1.2,1.9,0.617,0.5,0.7,0.773,0.4,3.8,4.2,5.1,0.7,0.2,1.5,2.6,10.4
264,Brandon Ingram,SF,24,NOP,55,55,1869,8.7,18.9,0.461,1.4,4.4,0.327,7.3,14.6,0.501,5.1,6.2,0.826,0.7,5.5,6.2,5.9,0.7,0.5,2.9,2.3,24
265,Kyrie Irving,PG,29,BRK,27,27,1012,9.5,20.4,0.465,3.4,8,0.42,6.1,12.4,0.494,4.1,4.4,0.919,0.5,3.5,4.1,5.5,1.4,0.6,2.4,2.7,26.4
266,Wes Iwundu,SF,27,ATL,3,1,82,3.5,7.9,0.444,1.3,2.2,0.6,2.2,5.7,0.385,1.3,1.8,0.75,1.3,4.4,5.7,0,0.4,0,0.4,3.5,9.7
267,Frank Jackson,PG,23,DET,51,6,1126,6,14.9,0.406,2.7,8.6,0.315,3.3,6.3,0.531,2.7,3.3,0.824,0.6,2,2.6,1.7,0.8,0.3,1.2,2.7,17.5
268,Isaiah Jackson,PF,20,IND,34,13,479,8,14.3,0.563,0.3,1.1,0.267,7.7,13.2,0.589,4.2,6.2,0.675,4.4,6,10.4,0.8,1.6,3.7,2.7,6.3,20.6
269,Jaren Jackson Jr.,PF,22,MEM,76,76,2081,7.3,17.7,0.414,2.2,6.8,0.319,5.2,10.9,0.475,4.8,5.8,0.821,2,5.6,7.7,1.5,1.2,3,2.2,4.6,21.6
270,Josh Jackson,SF,24,TOT,49,3,789,5.2,12.8,0.406,1.5,5.7,0.264,3.7,7.1,0.519,2.2,3.2,0.686,0.9,5.2,6.1,2.4,1.1,1,2,3.8,14.1
271,Justin Jackson,SF,26,TOT,7,0,37,4.9,14.6,0.333,2.9,8.8,0.333,1.9,5.8,0.333,1.9,1.9,1,1,5.8,6.8,1.9,0,0,1,2.9,14.6
272,Reggie Jackson,SG,31,LAC,74,74,2314,7.4,18.9,0.392,2.6,7.9,0.327,4.8,11,0.44,2.1,2.5,0.847,0.6,3.6,4.2,5.6,0.9,0.2,2.6,2.5,19.5
273,LeBron James,SF,37,LAL,56,56,2084,11.1,21.1,0.524,2.8,7.7,0.359,8.3,13.4,0.62,4.4,5.8,0.756,1.1,6.8,7.9,6,1.3,1,3.4,2.1,29.3
274,DeJon Jarreau,SG,24,IND,1,0,1,0,0,,0,0,,0,0,,0,0,,0,0,0,0,0,0,0,0,0
275,DaQuan Jeffries,SG,24,MEM,3,0,9,4,8,0.5,0,4,0,4,4,1,0,0,,0,8,8,4,0,0,0,4,8
276,Ty Jerome,SG,24,OKC,48,4,801,5.6,14.7,0.378,2.4,8.4,0.29,3.1,6.4,0.493,1.7,2.1,0.809,0.9,2.7,3.5,4.9,1.3,0.2,1.7,3.3,15.3
277,Isaiah Joe,SG,22,PHI,53,1,572,3.7,10.4,0.352,2.6,7.9,0.333,1,2.5,0.41,1.7,1.8,0.931,0.4,2.8,3.2,2.1,0.8,0.2,1,2.8,11.6
278,Alize Johnson,PF,25,TOT,23,0,167,3.7,8.4,0.436,0,0.9,0,3.7,7.5,0.486,1.5,2.6,0.583,6,7.1,13.1,1.9,1.1,0,2.6,3.9,8.8
279,B.J. Johnson,SF,26,ORL,4,0,65,6.1,13.8,0.44,2.2,5.5,0.4,3.9,8.3,0.467,0,0,,3.3,5,8.3,0,0,0.6,0,2.2,14.4
280,Cameron Johnson,PF,25,PHO,64,15,1685,5.8,12.7,0.459,3.5,8.2,0.429,2.3,4.4,0.514,2,2.4,0.856,0.9,4.7,5.6,2.1,1.2,0.3,1,2.4,17.2
281,David Johnson,SG,20,TOR,2,0,2,0,18,0,0,18,0,0,0,,0,0,,0,0,0,0,0,0,0,0,0
282,Jalen Johnson,PF,20,ATL,21,0,118,6.7,12.5,0.537,0.9,4,0.231,5.8,8.5,0.679,1.5,2.1,0.714,0.6,7.3,7.9,0.9,0.9,0.6,2.7,2.7,15.9
283,James Johnson,PF,34,BRK,62,10,1191,4.4,9.3,0.469,0.7,2.6,0.271,3.7,6.7,0.545,0.9,1.7,0.527,1.5,5,6.5,3.9,0.9,1,1.5,4.9,10.3
284,Joe Johnson,SG,40,BOS,1,0,2,18,18,1,0,0,,18,18,1,0,0,,0,0,0,0,0,0,0,0,36
285,Keldon Johnson,SF,22,SAS,73,72,2325,7.1,15.1,0.467,2.4,6,0.403,4.6,9.1,0.508,2.6,3.4,0.755,1.2,5.7,6.9,2.3,0.8,0.2,1.4,2.2,19.1
286,Keon Johnson,SG,19,TOT,34,9,600,5.3,14.2,0.371,1.9,5.2,0.372,3.4,9.1,0.371,2.1,2.7,0.778,1.4,3.2,4.6,3.4,1.4,0.7,2.3,3.5,14.6
287,Stanley Johnson,PF,25,LAL,45,24,981,3.7,8,0.466,1.1,3.4,0.326,2.6,4.7,0.567,1.5,2.1,0.75,1.1,3.8,4.9,2.8,1.5,0.5,1,3.7,10.1
288,Tyler Johnson,PG,29,TOT,6,0,91,2.4,7.9,0.3,2,5.1,0.385,0.4,2.8,0.143,0,0,,1.2,3.6,4.7,2.8,1.2,1.2,0.8,2.8,6.7
289,Nikola Jokić,C,26,DEN,73,73,2440,11,19,0.581,1.4,4.2,0.337,9.6,14.8,0.651,5.6,6.9,0.809,3,11.8,14.8,8.5,1.5,0.9,4.1,2.8,29.1
290,Carlik Jones,PG,24,TOT,5,0,23,1.6,14.1,0.111,0,1.6,0,1.6,12.5,0.125,3.1,3.1,1,1.6,3.1,4.7,7.8,1.6,0,4.7,0,6.3
291,Damian Jones,C,26,SAC,54,13,958,6.1,9.4,0.652,0.3,1,0.346,5.8,8.4,0.688,3.3,4.5,0.739,2.7,6.1,8.9,2.4,0.8,1.7,2,4.7,15.9
292,Derrick Jones Jr.,PF,24,CHI,49,8,852,4.2,7.9,0.535,0.8,2.5,0.305,3.5,5.4,0.641,2.2,2.8,0.788,2.4,4.4,6.8,1.2,1,1.4,1.1,4.3,11.4
293,Herbert Jones,PF,23,NOP,76,67,2292,4.2,8.9,0.475,0.9,2.6,0.339,3.3,6.3,0.531,2.1,2.5,0.839,1.4,3.1,4.5,2.6,2,0.9,1.6,3.6,11.5
294,Jemerrio Jones,SF,26,LAL,2,0,15,4.8,7.2,0.667,0,0,,4.8,7.2,0.667,0,0,,4.8,2.4,7.2,0,2.4,0,0,4.8,9.6
295,Kai Jones,C,21,CHO,19,0,58,5,8.1,0.615,0.6,1.2,0.5,4.3,6.8,0.636,1.9,5,0.375,1.9,4.3,6.2,2.5,0.6,0,3.7,4.3,12.4
296,Mason Jones,SG,23,LAL,2,0,9,8,32,0.25,0,8,0,8,24,0.333,4,8,0.5,4,4,8,0,4,0,4,4,20
297,Tre Jones,PG,22,SAS,66,9,1064,5.1,10.4,0.492,0.2,1.5,0.159,4.9,8.9,0.548,2.1,2.7,0.788,1,4,5,7.2,1.3,0.2,1.4,2.4,12.6
298,Tyus Jones,PG,25,MEM,71,22,1511,5.9,12.9,0.455,1.9,4.8,0.393,4,8.1,0.491,1.3,1.6,0.818,0.4,3.7,4.1,7.4,1.5,0,1,0.8,14.9
299,DeAndre Jordan,C,33,TOT,47,19,599,5.3,8.2,0.642,0,0,,5.3,8.2,0.642,1.3,2.3,0.579,4.8,10.4,15.2,1.2,0.7,2,2.2,4.1,11.9
300,Cory Joseph,PG,30,DET,65,39,1600,4,9,0.445,1.5,3.5,0.414,2.5,5.5,0.465,2.3,2.5,0.885,0.7,3.3,3.9,5.3,0.9,0.4,1.9,3.3,11.7
301,Georgios Kalaitzakis,SF,23,TOT,11,2,120,4.5,9.9,0.455,1.5,3.9,0.385,3,6,0.5,2.7,6.3,0.429,1.5,1.8,3.3,0.9,1.8,0.6,3.9,3.6,13.2
302,Frank Kaminsky,C,28,PHO,9,0,181,7.2,13.1,0.545,1,3,0.333,6.2,10.1,0.608,3.6,4,0.9,2.2,6,8.2,2.6,1.6,1.4,1,2.8,18.9
303,Luke Kennard,SG,25,LAC,68,12,1872,5.3,11.8,0.45,3.5,7.9,0.45,1.8,3.9,0.449,1.3,1.4,0.893,0.3,4,4.3,2.7,0.7,0.1,1.1,1.9,15.4
304,Braxton Key,SF,24,TOT,9,0,155,6,13.7,0.441,1.2,3.5,0.333,4.9,10.2,0.477,1.2,2.3,0.5,2.6,7,9.5,1.4,1.9,2.3,1.9,5.3,14.4
305,George King,SF,28,DAL,4,0,19,0,9.5,0,0,7.6,0,0,1.9,0,1.9,3.8,0.5,0,9.5,9.5,0,0,0,1.9,7.6,1.9
306,Louis King,SF,22,SAC,10,0,104,5.2,16.3,0.319,2.8,9.3,0.296,2.4,6.9,0.35,2.4,3.5,0.7,0,4.2,4.2,3.1,0.7,0.3,0,4.8,15.6
307,Corey Kispert,SF,22,WAS,75,34,1750,4.6,10.2,0.451,2.2,6.3,0.345,2.4,3.9,0.621,1.1,1.2,0.867,1.1,3,4.1,1.7,0.7,0.5,1,1.9,12.5
308,Maxi Kleber,PF,30,DAL,59,21,1450,3.5,8.8,0.398,2.1,6.3,0.325,1.4,2.5,0.586,1.1,1.6,0.708,1.7,7,8.7,1.7,0.7,1.4,1.2,3.4,10.2
309,Brandon Knight,PG,30,DAL,5,0,65,5.5,13.8,0.4,2.2,9.4,0.235,3.3,4.4,0.75,4.4,4.4,1,0,4.4,4.4,4.4,0.6,0,2.2,2.8,17.7
310,Nathan Knight,PF,24,MIN,36,2,251,5.5,10.9,0.5,0.4,1.4,0.3,5,9.5,0.53,6,8.2,0.737,4.3,6.7,11,2.7,1,1.1,2.4,5.5,17.4
311,Kevin Knox,SF,22,TOT,29,0,221,5,13.5,0.373,2.4,8.5,0.288,2.6,5,0.516,2.4,3.3,0.75,2.1,4.7,6.8,1.6,0.7,0.3,1.1,2.9,15
312,John Konchar,SG,25,MEM,69,6,1223,3.7,7.2,0.51,1.4,3.5,0.415,2.2,3.7,0.598,0.7,1.3,0.568,2.3,6.9,9.2,2.7,1.3,0.6,0.8,2.6,9.5
313,Furkan Korkmaz,SG,24,PHI,64,19,1373,4.7,12,0.392,2,6.8,0.293,2.7,5.2,0.52,1.7,2.1,0.8,0.6,4,4.5,3.2,0.9,0.2,1.2,1.5,13.1
314,Luke Kornet,C,26,TOT,13,0,74,3.9,9.2,0.421,0,1.5,0,3.9,7.8,0.5,1,1.9,0.5,3.9,5.4,9.2,2.9,1.5,1.5,0,2.9,8.8
315,Vit Krejci,SG,21,OKC,28,6,606,3.5,8.5,0.413,1.8,5.2,0.345,1.7,3.3,0.518,1,1.2,0.85,0.9,4.4,5.3,3.1,1.1,0.4,1.5,3.4,9.8
316,Arnoldas Kulboka,SF,24,CHO,1,0,3,0,0,,0,0,,0,0,,0,0,,0,0,0,0,0,0,0,0,0
317,Jonathan Kuminga,SF,19,GSW,67,12,1126,7.1,14,0.505,1.4,4.6,0.315,5.6,9.4,0.597,3.9,5.8,0.676,1.6,5.4,7.1,1.9,0.9,0.7,2.3,4.3,19.5
318,Kyle Kuzma,PF,26,WAS,66,66,2204,6.9,15.3,0.452,2.1,6.1,0.341,4.8,9.2,0.526,2.5,3.6,0.712,1.1,8,9.2,3.8,0.7,0.9,2.8,2.1,18.5
319,Anthony Lamb,SF,24,SAS,2,0,8,0,9,0,0,9,0,0,0,,0,0,,0,4.5,4.5,9,0,0,0,0,0
320,Jeremy Lamb,SF-SG,29,TOT,54,0,893,5.2,13.5,0.384,2.1,6.6,0.325,3.1,7,0.439,3.5,4.2,0.838,1,5,6,3.1,1.2,0.9,1.3,2.3,16.1
321,Jock Landale,C,26,SAS,52,1,556,6.4,12.5,0.513,1.8,5.4,0.337,4.6,7.1,0.645,2,2.4,0.838,3.9,4.3,8.2,2.8,0.6,0.9,2,3.2,16.6
322,Romeo Langford,SG,22,TOT,46,5,749,3.9,9.1,0.434,1.4,4.1,0.341,2.5,5,0.51,1,1.8,0.553,1.4,3.7,5.1,1,1,0.8,0.8,2.2,10.3
323,Zach LaVine,SF,26,CHI,66,66,2298,8.7,18.3,0.475,2.9,7.4,0.389,5.8,11,0.533,5,5.8,0.852,0.3,4.4,4.8,4.6,0.6,0.4,2.7,1.8,25.3
324,Jake Layman,SF,27,MIN,33,1,214,4.5,11.8,0.386,1.2,5.7,0.206,3.4,6.1,0.556,1.7,2.4,0.714,1,4.5,5.6,1.5,1,0.8,1.7,2,11.9
325,Damion Lee,SG,29,GSW,60,4,1207,4.9,11,0.442,1.8,5.5,0.337,3,5.5,0.546,1.8,2.1,0.873,0.7,5,5.8,1.8,1.1,0.2,1.1,2.8,13.4
326,Saben Lee,PG,22,DET,36,0,572,4.3,10.9,0.393,0.9,3.8,0.233,3.4,7.1,0.478,3,3.7,0.797,1,4.3,5.3,6.2,2.2,0.8,1.8,2.5,12.4
327,Alex Len,C,28,SAC,39,10,620,5.5,10.2,0.534,0.3,1.2,0.286,5.1,9,0.568,2.4,3.7,0.651,3,6.3,9.3,2.6,0.8,1.5,2.5,5.8,13.6
328,Caris LeVert,SG,27,TOT,56,47,1718,7.8,17.5,0.444,1.7,5.2,0.328,6.1,12.3,0.494,2.9,3.8,0.754,0.9,3.5,4.4,5,1,0.5,2.2,2.6,20.2
329,Kira Lewis Jr.,PG,20,NOP,24,0,341,6.2,15.4,0.404,1.4,6.1,0.224,4.9,9.3,0.523,1.1,1.3,0.833,1,3.2,4.1,5.2,1.2,0.1,2.7,1.8,14.9
330,Scottie Lewis,SG,21,CHO,2,0,7,0,0,,0,0,,0,0,,5.1,10.3,0.5,0,0,0,5.1,5.1,0,0,0,5.1
331,Damian Lillard,PG,31,POR,29,29,1056,7.6,18.8,0.402,3.1,9.7,0.324,4.4,9.1,0.485,5.4,6.2,0.878,0.4,3.6,4.1,7.2,0.6,0.4,2.8,1.3,23.7
332,Nassir Little,SF,21,POR,42,23,1088,4.8,10.4,0.46,1.7,5.1,0.331,3.1,5.3,0.584,2.3,3.1,0.734,1.9,5.9,7.8,1.8,0.8,1.2,1.3,2.7,13.6
333,Isaiah Livers,SF,23,DET,17,3,340,3.8,8.8,0.434,2.6,6.5,0.41,1.2,2.3,0.5,1.1,1.3,0.833,1.5,3.9,5.4,2.1,1.1,0.7,1.4,3.5,11.3
334,Kevon Looney,C,25,GSW,79,77,1690,4.3,7.5,0.569,0,0,0,4.3,7.5,0.571,1.6,2.7,0.6,4.3,8,12.4,3.4,1,1.1,1.4,4.5,10.2
335,Brook Lopez,C,33,MIL,11,9,254,6.7,14.7,0.452,2.1,6.4,0.333,4.5,8.4,0.542,2.8,3.3,0.87,2,4,6,0.9,1.1,1.8,1.6,4.4,18.3
336,Robin Lopez,C,33,ORL,34,9,582,6.7,12.1,0.559,0.1,0.3,0.4,6.6,11.8,0.563,1.8,3.1,0.58,4,3.3,7.4,3.1,0.1,1.1,2.7,3.8,15.4
337,Didi Louzada,SG-SF,22,TOT,6,0,66,3.3,10.4,0.316,2.2,7.1,0.308,1.1,3.3,0.333,0,0,,2.2,3.3,5.5,1.6,0.5,0.5,0.5,2.7,8.7
338,Kevin Love,PF,33,CLE,72,4,1629,6.9,16.3,0.425,3.9,10.2,0.385,3,6.1,0.493,3.6,4.2,0.844,1.8,9.6,11.4,3.5,0.6,0.4,2.1,2.2,21.3
339,Kyle Lowry,PG,35,MIA,62,62,2102,4.6,10.6,0.436,2.4,6.5,0.375,2.2,4.1,0.534,2.5,3,0.855,0.5,4.2,4.7,8.1,1.1,0.3,2.8,3,14.2
340,Gabriel Lundberg,SG,27,PHO,3,0,17,2.1,12.7,0.167,2.1,6.4,0.333,0,6.4,0,0,0,,2.1,2.1,4.2,12.7,2.1,0,6.4,6.4,6.4
341,Timothé Luwawu-Cabarrot,SF,26,ATL,50,18,662,4,10,0.404,2.4,6.5,0.37,1.6,3.5,0.469,1.9,2.2,0.854,0.9,3.4,4.3,2.1,1,0.3,1,4.1,12.3
342,Trey Lyles,PF,26,TOT,73,21,1499,6.1,13,0.465,1.6,4.9,0.322,4.5,8.1,0.552,4.6,5.7,0.807,2.1,6.7,8.8,2.1,0.6,0.8,1.7,2.9,18.3
343,Théo Maledon,PG,20,OKC,51,7,908,4.7,12.6,0.375,1.7,5.9,0.293,3,6.6,0.449,3.1,4,0.79,0.8,4.4,5.2,4.4,1.2,0.4,2.6,2.7,14.3
344,Sandro Mamukelashvili,PF,22,MIL,39,2,358,4.6,9.7,0.479,2,4.7,0.426,2.6,4.9,0.531,1.2,1.6,0.75,3.2,3.7,6.9,1.8,0.8,0.9,1.3,2.6,12.5
345,Terance Mann,SF,25,LAC,79,32,2277,5.2,10.7,0.485,1.2,3.2,0.365,4,7.5,0.537,2,2.6,0.779,1.6,5,6.6,3.2,0.9,0.3,1.3,2.8,13.5
346,Tre Mann,PG,20,OKC,60,26,1367,6.1,15.5,0.393,2.6,7.2,0.36,3.5,8.3,0.421,1.7,2.2,0.793,0.7,3.8,4.5,2.4,1.2,0.3,1.9,2.7,16.5
347,Boban Marjanović,C,33,DAL,21,0,108,12.3,20.3,0.607,0.3,1,0.333,12,19.3,0.621,3.7,6.7,0.55,2.3,8,10.3,0.7,0,1,3.7,6.7,28.7
348,Lauri Markkanen,PF,24,CLE,59,59,1832,5.9,13.3,0.44,2.6,7.2,0.353,3.3,6.1,0.542,2.6,3,0.865,1.1,5.4,6.6,1.6,0.9,0.6,1,2.5,16.9
349,Naji Marshall,SF,24,NOP,52,3,675,5.3,13.1,0.402,1.1,5.3,0.212,4.2,7.8,0.531,3.6,4.5,0.788,1.9,5.3,7.1,2.8,1.7,0.4,2.1,3.5,15.3
350,Caleb Martin,SF,26,MIA,59,11,1346,5.5,10.8,0.509,1.7,4,0.417,3.8,6.7,0.563,1.9,2.5,0.761,1.9,4.2,6,1.7,1.6,0.8,1.3,2.8,14.5
351,Cody Martin,SF,26,CHO,68,11,1791,3.9,8.2,0.476,1.2,3.1,0.383,2.7,5.1,0.531,1.4,2.1,0.692,1.5,3.9,5.5,3.5,1.7,0.6,1.2,2.3,10.5
352,Kelan Martin,SF,26,TOT,30,1,450,5.6,13.7,0.409,1.8,6,0.293,3.8,7.7,0.5,0.7,1,0.692,1.4,3,4.4,1.7,1,0.7,1.1,2.9,13.7
353,Kenyon Martin Jr.,SF,21,HOU,77,2,1617,6.1,11.4,0.535,1.3,3.6,0.363,4.8,7.8,0.614,1.7,2.7,0.633,1.8,4.8,6.5,2.2,0.8,0.9,1.3,2.4,15.1
354,Garrison Mathews,SG,25,HOU,63,31,1654,3.9,9.8,0.395,2.9,8.2,0.355,1,1.6,0.595,3,3.7,0.797,0.7,3.2,3.9,1.3,1.2,0.5,0.8,3.6,13.6
355,Dakota Mathias,SG,26,MEM,6,0,16,4.5,13.5,0.333,4.5,13.5,0.333,0,0,,0,0,,0,4.5,4.5,2.3,2.3,0,0,2.3,13.5
356,Wesley Matthews,SG,35,MIL,47,12,953,3.1,7.9,0.386,2,5.7,0.342,1.1,2.2,0.5,0.7,0.9,0.76,1.1,2.3,3.4,1.3,0.8,0.3,0.7,3.1,8.8
357,Tyrese Maxey,PG,21,PHI,72,71,2559,6.5,13.4,0.482,1.8,4.1,0.429,4.7,9.3,0.506,2.8,3.3,0.862,0.4,2.9,3.3,4.3,0.7,0.4,1.2,2.1,17.5
358,Skylar Mays,SG,24,ATL,27,5,218,5.3,10.6,0.5,1.3,4.1,0.32,4,6.4,0.615,1.3,1.5,0.889,0.8,3.3,4.1,2.8,1.2,0,1.7,1.5,13.2
359,Miles McBride,PG,21,NYK,39,2,354,3.2,10.5,0.301,1.6,6.5,0.25,1.5,4,0.385,0.8,1.2,0.667,0.4,3.8,4.2,4.1,1.3,0.1,0.5,4.5,8.7
360,Mac McClung,PG,23,CHI,1,0,3,12,12,1,0,0,,12,12,1,0,0,,0,0,0,0,0,0,12,0,24
361,CJ McCollum,SG,30,TOT,59,59,2082,9,19.5,0.463,3,7.8,0.388,6,11.7,0.513,2,2.8,0.704,0.9,3.6,4.5,5.2,1.1,0.4,2.1,2,23
362,T.J. McConnell,PG,29,IND,25,6,596,5.5,11.2,0.492,0.4,1.6,0.269,5.1,9.6,0.528,0.8,1,0.824,1.2,3.9,5.1,7.2,1.5,0.5,1.7,2.7,12.3
363,Jaden McDaniels,PF,21,MIN,68,31,1764,5.1,11,0.458,1.6,5,0.313,3.5,6,0.58,1.1,1.4,0.8,1.6,4.3,5.9,1.6,1,1.1,1.5,4.5,12.8
364,Jalen McDaniels,SF,24,CHO,52,2,839,4.8,10.1,0.472,1.5,4.3,0.356,3.2,5.7,0.56,2.1,2.9,0.721,1.5,5.2,6.7,2.1,1,0.8,1.5,3.8,13.2
365,Doug McDermott,PF,30,SAS,51,51,1223,6.3,13.7,0.462,3.2,7.5,0.422,3.1,6.2,0.512,1.2,1.5,0.784,0.5,2.9,3.4,1.9,0.4,0.2,1.3,2.3,17
366,JaVale McGee,C,34,PHO,72,16,1136,8.9,14.1,0.63,0.1,0.3,0.222,8.8,13.8,0.638,3.1,4.4,0.717,4.8,10.3,15.1,1.3,0.7,2.5,2.9,5.5,21
367,Cameron McGriff,SF,24,POR,3,0,46,3.9,11,0.357,1.6,4.7,0.333,2.3,6.3,0.375,1.6,1.6,1,4.7,7,11.7,2.3,0,0.8,0,5.5,11
368,Rodney McGruder,SG,30,DET,49,2,705,4.4,10.6,0.42,2.8,7,0.391,1.7,3.5,0.478,0.7,1,0.7,1.5,3.8,5.3,2.3,1,0.3,1.1,2.7,12.4
369,Alfonzo McKinnie,SF,29,CHI,17,3,206,4.2,10.7,0.393,1.6,4.7,0.333,2.6,5.9,0.441,0.3,1.4,0.25,2.3,3.5,5.8,0.9,0.3,0.5,1.2,4.5,10.3
370,JaQuori McLaughlin,PG,24,DAL,4,0,11,0,6.5,0,0,3.3,0,0,3.3,0,0,0,,0,0,0,6.5,0,0,0,3.3,0
371,Jordan McLaughlin,PG,25,MIN,60,3,862,3.5,8.1,0.438,1,3.4,0.309,2.5,4.7,0.531,1.2,1.6,0.737,0.9,2.8,3.8,7.3,2.3,0.4,1.5,2.1,9.3
372,Ben McLemore,SG,28,POR,61,6,1206,6.1,15.5,0.392,4.3,12,0.356,1.8,3.5,0.517,2,2.4,0.84,0.4,2.5,2.9,1.6,1,0.3,1.5,2.9,18.5
373,De'Anthony Melton,SG,23,MEM,70,14,1585,6.1,15.1,0.406,3,8,0.375,3.1,7.1,0.441,1.9,2.5,0.75,1.4,5.9,7.3,4.2,2.3,0.8,2.4,2.8,17.1
374,Sam Merrill,SG,25,MEM,6,0,58,5,14.9,0.333,4.3,14.3,0.304,0.6,0.6,1,1.2,2.5,0.5,0.6,3.7,4.3,2.5,0,0,1.2,1.9,15.5
375,Chimezie Metu,C,24,SAC,58,20,1228,5.8,12.8,0.452,1.6,5.3,0.302,4.2,7.4,0.559,2,2.6,0.775,1,8.4,9.3,1.7,1.3,0.9,1.8,2.7,15.2
376,Khris Middleton,SF,30,MIL,64,64,2074,7.6,17.2,0.441,2.7,7.3,0.372,4.9,9.9,0.492,4.5,5,0.89,0.7,5.3,6,6,1.2,0.3,3.2,2.7,22.4
377,C.J. Miles,SG,34,BOS,1,0,2,0,0,,0,0,,0,0,,0,0,,0,0,0,0,0,0,0,18,0
378,Patty Mills,PG,33,BRK,79,48,2291,5,12.3,0.407,3.5,8.8,0.4,1.5,3.5,0.427,0.7,0.9,0.821,0.3,2.1,2.4,2.8,0.8,0.3,1.1,1.7,14.3
379,Paul Millsap,PF,36,TOT,33,1,376,4.3,11,0.391,0.8,3.4,0.229,3.5,7.7,0.463,1.6,2.3,0.708,3.9,7,10.9,2.8,1,1.2,1.8,6.4,11
380,Shake Milton,PG,25,PHI,52,6,1106,5.1,12.1,0.421,1.3,4.1,0.312,3.8,8.1,0.476,1.8,2.1,0.818,0.9,3.6,4.5,4.1,0.8,0.5,1.4,3.1,13.2
381,Davion Mitchell,PG,23,SAC,73,17,1998,6.1,14.6,0.416,1.8,5.6,0.316,4.3,9,0.478,0.9,1.4,0.64,0.6,2.3,2.9,5.2,1,0.4,2,2.5,14.8
382,Donovan Mitchell,SG,25,UTA,66,66,2231,9.8,21.9,0.45,3.7,10.5,0.355,6.1,11.4,0.538,4.3,5,0.852,0.9,3.6,4.4,5.7,1.6,0.2,3.2,2.6,27.7
383,Evan Mobley,PF,20,CLE,67,67,2274,6.5,12.8,0.506,0.4,1.4,0.253,6.1,11.3,0.538,2.5,3.8,0.664,2.2,6.6,8.8,2.7,0.9,1.7,2.1,2.3,15.8
384,Malik Monk,SG,23,LAL,73,34,2032,6.4,13.7,0.472,2.9,7.3,0.391,3.6,6.3,0.566,1.4,1.8,0.779,0.6,3.7,4.3,3.7,1,0.5,2,2.4,17.2
385,Greg Monroe,C,31,TOT,13,0,177,5.7,10,0.571,0,0,,5.7,10,0.571,2.2,4.3,0.524,5.9,6.5,12.4,3.5,1.2,1.6,1.8,4.5,13.6
386,Moses Moody,SG,19,GSW,50,10,586,4.7,11,0.43,2.3,6.6,0.352,2.4,4.4,0.549,1.7,2.2,0.778,1,3.8,4.9,1.3,0.4,0.6,0.8,2.5,13.5
387,Xavier Moon,SG,27,LAC,9,0,111,5.5,13,0.425,1.3,3.6,0.364,4.2,9.4,0.448,1,1.6,0.6,0.6,2.9,3.6,5.5,1.9,0.6,1.3,2.6,13.3
388,Matt Mooney,SG,24,NYK,1,0,2,0,18,0,0,18,0,0,0,,0,0,,0,0,0,0,18,0,18,0,0
389,Ja Morant,PG,22,MEM,56,56,1862,11.1,22.5,0.493,1.7,4.9,0.34,9.4,17.6,0.535,6,7.9,0.762,1.5,4.8,6.2,7.3,1.3,0.4,3.7,1.6,29.8
390,Juwan Morgan,PF,24,TOT,2,0,31,2.3,3.5,0.667,1.2,2.3,0.5,1.2,1.2,1,0,0,,2.3,2.3,4.6,1.2,0,0,0,3.5,5.8
391,Jaylen Morris,SG,26,SAS,3,0,16,0,13.5,0,0,4.5,0,0,9,0,4.5,9,0.5,0,4.5,4.5,4.5,0,0,2.3,4.5,4.5
392,Marcus Morris,PF,32,LAC,53,53,1540,6.9,15.8,0.437,2.3,6.2,0.371,4.6,9.6,0.479,3,3.4,0.871,0.6,4.9,5.5,2.6,0.7,0.4,1.6,2.6,19.1
393,Markieff Morris,PF,32,MIA,17,1,298,6.5,13.8,0.474,1.6,4.7,0.333,5,9.1,0.547,1,1.1,0.889,2.1,3.4,5.4,2.8,0.7,0.1,2.4,4,15.6
394,Monte Morris,PG,26,DEN,74,73,2215,6,12.4,0.484,2,5,0.394,4,7.4,0.546,1.2,1.4,0.869,0.4,3.2,3.6,5.3,0.9,0.2,1.3,1.5,15.2
395,Emmanuel Mudiay,PG,25,SAC,2,0,11,0,6.5,0,0,0,,0,6.5,0,9.8,13.1,0.75,0,0,0,13.1,3.3,0,3.3,3.3,9.8
396,Mychal Mulder,PG,27,TOT,16,2,197,3.8,12.4,0.309,2.6,8.6,0.298,1.3,3.8,0.333,0.4,0.4,1,0.4,3.7,4,0.5,0.7,0.2,1.5,2.2,10.6
397,Ade Murkey,SG,24,SAC,1,0,1,0,0,,0,0,,0,0,,0,0,,0,0,0,0,0,0,0,0,0
398,Trey Murphy III,SF,21,NOP,59,0,804,4.4,11.1,0.394,2.9,7.7,0.38,1.5,3.5,0.423,1.7,2,0.864,1.9,4.3,6.1,1.7,0.9,0.3,0.6,2.6,13.4
399,Dejounte Murray,PG,25,SAS,67,67,2334,8.8,18.9,0.463,1.5,4.4,0.33,7.3,14.5,0.504,2.9,3.7,0.788,1.2,7.4,8.7,9.6,2.1,0.4,2.7,2.1,21.9
400,Mike Muscala,C,30,OKC,43,0,592,6.9,15.1,0.456,4.3,9.9,0.429,2.6,5.2,0.506,2.9,3.5,0.842,1.3,6.6,7.8,1.3,1.1,1.6,0.9,3.5,20.9
401,Svi Mykhailiuk,SF,24,TOR,55,5,708,4.5,11.6,0.39,2,6.6,0.302,2.5,5,0.505,1.6,1.9,0.865,1,3.7,4.7,2.3,1.3,0.2,1.6,2.6,12.7
402,Abdel Nader,SF,28,PHO,14,0,145,3,8.7,0.343,1,3.5,0.286,2,5.2,0.381,1.5,2.5,0.6,1,5.7,6.7,1.7,2,1,2.7,5,8.4
403,Larry Nance Jr.,PF,29,TOT,43,11,983,4.4,8.3,0.526,0.8,2.4,0.333,3.6,5.9,0.605,1.4,2,0.691,2.4,6.3,8.7,2.9,1.5,0.7,1.3,2.8,11
404,RJ Nembhard Jr.,SG,22,CLE,13,0,60,3.6,10.2,0.353,0,1.2,0,3.6,9,0.4,1.8,2.4,0.75,1.8,1.8,3.6,7.2,0.6,0,1.2,1.2,9
405,Aaron Nesmith,SF,22,BOS,50,3,546,4.7,11.5,0.406,2,7.1,0.278,2.7,4.4,0.612,1.3,1.6,0.792,1,4.7,5.7,1.5,1.3,0.3,1.8,4.2,12.6
406,Raul Neto,PG,29,WAS,68,19,1330,5.3,11.6,0.458,0.9,3.2,0.291,4.4,8.4,0.521,2.1,2.7,0.762,0.4,3.2,3.6,5.8,1.4,0.1,2,2.7,13.6
407,Malik Newman,PG,24,CLE,1,0,8,13.5,22.5,0.6,0,4.5,0,13.5,18,0.75,9,9,1,0,4.5,4.5,4.5,0,0,4.5,0,36
408,Georges Niang,PF,28,PHI,75,7,1717,5.1,11.7,0.437,3.2,8,0.403,1.9,3.7,0.511,1.1,1.2,0.881,0.5,3.7,4.2,2.1,0.6,0.3,1.2,3.9,14.5
409,Daishen Nix,SG,19,HOU,23,0,248,3.8,9.6,0.394,1,3.8,0.269,2.8,5.8,0.475,2,4.1,0.5,0.9,3.6,4.5,5.7,2.2,0,3.3,2.9,10.6
410,Zeke Nnaji,PF,21,DEN,40,1,671,5.1,9.5,0.537,2,4.1,0.487,3.1,5.4,0.574,2,3.3,0.613,3,4.8,7.8,0.8,0.9,0.7,1.2,4.1,14.2
411,Nerlens Noel,C,27,NYK,25,11,562,2,3.8,0.533,0,0.2,0,2,3.7,0.561,1.3,1.9,0.7,3.1,6,9,1.5,1.9,2,1.3,4.3,5.4
412,Jaylen Nowell,SG,22,MIN,60,1,940,7.2,15.1,0.476,2.3,5.8,0.388,4.9,9.2,0.531,2.6,3.4,0.773,0.8,3.9,4.7,4.9,1,0.3,1.3,2.7,19.2
413,Frank Ntilikina,PG,23,DAL,57,5,680,4.7,11.8,0.401,2,5.8,0.345,2.7,5.9,0.455,1.3,1.3,0.96,0.6,3.5,4.2,3.7,1.4,0.4,1.6,3.2,12.7
414,Jusuf Nurkić,C,27,POR,56,56,1579,7.3,13.7,0.535,0.3,1.3,0.268,7,12.4,0.563,4.2,6.1,0.69,3.8,10.3,14.1,3.6,1.4,0.8,3.3,4.3,19.2
415,David Nwaba,SF,29,HOU,45,4,596,5.1,10.5,0.483,0.9,2.9,0.313,4.2,7.6,0.548,2.9,4,0.716,2.4,6.6,9,2.1,1.6,1.1,1.3,3.3,14
416,Jordan Nwora,SF,23,MIL,60,12,1135,5.7,13.9,0.41,2.4,6.9,0.349,3.3,6.9,0.47,0.9,1.1,0.824,1.1,5.5,6.6,1.7,0.8,0.5,1.7,2.4,14.7
417,Royce O'Neale,SF,28,UTA,75,75,2350,3.1,6.6,0.463,1.8,4.6,0.393,1.3,2.1,0.618,0.7,0.8,0.796,0.9,4.6,5.6,2.9,1.3,0.5,1.2,2.7,8.6
418,Semi Ojeleye,PF,27,TOT,30,0,406,2.7,8.8,0.303,1.3,4.4,0.3,1.3,4.3,0.306,2,2.6,0.793,2.4,4.2,6.6,0.8,0.6,0.5,0.8,2.7,8.7
419,Chuma Okeke,PF,23,ORL,68,18,1685,4.3,11.7,0.369,2.3,7.4,0.313,2,4.3,0.467,1.2,1.4,0.846,1,6.2,7.1,2.4,2,0.8,1.2,1.9,12.1
420,Josh Okogie,SG,23,MIN,48,6,494,2.7,7.1,0.381,1,3.4,0.304,1.7,3.7,0.451,2.3,3.4,0.681,1.9,3,4.9,1.7,1.7,0.8,1.7,3.6,8.7
421,Onyeka Okongwu,C,21,ATL,46,6,948,5.7,8.3,0.688,0,0,,5.7,8.3,0.688,3,4.1,0.722,4.2,6,10.1,1.9,1.1,2.2,1.6,5.3,14.4
422,Isaac Okoro,SF,21,CLE,65,59,1935,3.8,7.9,0.48,1,2.9,0.353,2.8,5,0.554,2.2,2.8,0.771,1.3,2.4,3.7,2.2,1,0.4,1.1,3,10.8
423,KZ Okpala,PF,22,MIA,21,0,244,4.4,10.2,0.435,1.3,3.8,0.346,3.1,6.3,0.488,1.2,1.6,0.727,1.6,4.4,6,2.1,0.6,1,0.7,3.7,11.4
424,Victor Oladipo,SG,29,MIA,7,0,138,5.7,13.3,0.431,2.6,6.5,0.4,3.1,6.8,0.462,1.3,2.1,0.625,0.5,2.9,3.4,5.5,0.8,0.3,3.1,2.9,15.4
425,Cameron Oliver,SF,25,ATL,2,0,43,8.4,12.6,0.667,0.8,2.5,0.333,7.5,10,0.75,1.7,2.5,0.667,1.7,3.3,5,2.5,0.8,0.8,0,4.2,19.3
426,Kelly Olynyk,C,30,DET,39,1,741,6,13.6,0.444,1.9,5.6,0.339,4.1,8,0.518,3,3.9,0.763,2.6,5.8,8.4,5.1,1.5,0.9,2.7,4.8,16.9
427,Eugene Omoruyi,SF,24,DAL,4,0,18,4,10,0.4,2,4,0.5,2,6,0.333,4,8,0.5,4,10,14,4,0,0,0,4,14
428,Miye Oni,SG,24,UTA,16,0,44,1.6,7.4,0.222,0.8,6.5,0.125,0.8,0.8,1,0,0.8,0,0.8,4.9,5.7,4.1,0,0,0.8,5.7,4.1
429,Cedi Osman,SF,26,CLE,64,3,1409,6.1,14.2,0.428,3.2,9,0.356,2.9,5.2,0.551,2.1,3.2,0.661,0.6,2.9,3.6,3.3,1.3,0.3,1.7,3.1,17.5
430,Daniel Oturu,C,22,TOR,3,0,27,4,8,0.5,0,1.3,0,4,6.7,0.6,4,6.7,0.6,1.3,5.3,6.7,0,0,2.7,0,1.3,12
431,Kelly Oubre Jr.,SF,26,CHO,73,13,1936,7.4,16.9,0.437,3.4,9.9,0.342,4,6.9,0.574,2.2,3.3,0.67,1.5,3.9,5.4,1.5,1.4,0.6,1.2,3.4,20.4
432,Jaysean Paige,PG,27,DET,1,0,7,0,15.4,0,0,10.3,0,0,5.1,0,0,0,,0,5.1,5.1,5.1,0,0,5.1,10.3,0
433,Trayvon Palmer,SG,27,DET,1,0,17,0,2.1,0,0,0,,0,2.1,0,0,0,,0,4.2,4.2,0,0,0,2.1,4.2,0
434,Kevin Pangos,PG,29,CLE,24,3,166,3.3,10,0.326,1.3,5.6,0.231,2,4.3,0.45,0.7,0.9,0.75,0.4,2,2.4,6.5,0.7,0,1.5,2.4,8.5
435,Jabari Parker,PF,26,BOS,12,0,112,5.8,12.2,0.474,2.6,5.1,0.5,3.2,7.1,0.455,2.9,2.9,1,1.6,7.4,9,1.9,1.3,0.3,2.6,4.2,17
436,Eric Paschall,PF,25,UTA,57,3,731,5.5,11.3,0.483,2,5.3,0.37,3.5,6,0.582,3.2,4.1,0.774,1.5,3.7,5.2,1.8,0.4,0.2,1.3,2.5,16.1
437,Chris Paul,PG,36,PHO,64,64,2101,6.1,12.4,0.491,1.1,3.4,0.318,5,9,0.556,2.9,3.4,0.835,0.4,4.4,4.7,11.8,2,0.3,2.6,2.2,16.1
438,Cameron Payne,PG,27,PHO,58,12,1278,6.8,16.5,0.409,2,5.9,0.336,4.8,10.6,0.449,2.1,2.5,0.843,0.7,4.3,4.9,7.9,1.1,0.5,2.9,3.4,17.6
439,Elfrid Payton,PG,27,PHO,49,1,537,4.4,11.6,0.382,0.3,1.2,0.222,4.2,10.4,0.4,0.8,2.1,0.375,1.4,4.4,5.8,6.5,1.6,0.4,3,2.5,9.9
440,Gary Payton II,PG,29,GSW,68,16,1182,6.1,10,0.613,1.3,3.6,0.364,4.8,6.4,0.752,1,1.7,0.589,2.1,5,7.1,1.9,2.8,0.6,1.2,3.8,14.6
441,Norvel Pelle,C,28,UTA,3,0,19,5.7,9.5,0.6,0,0,,5.7,9.5,0.6,0,0,,5.7,5.7,11.4,0,0,1.9,3.8,1.9,11.4
442,Reggie Perry,PF,21,TOT,7,0,116,6.2,14,0.444,0.6,3.1,0.2,5.6,10.9,0.514,1.9,3.1,0.6,2.8,7.8,10.6,1.9,1.2,0.6,1.9,6.2,14.9
443,Jamorko Pickett,PF,24,DET,12,0,153,3.8,10.4,0.364,2.6,8,0.324,1.2,2.4,0.5,0.2,0.5,0.5,1.4,4.9,6.4,1.6,0,1.4,0.7,2.8,10.4
444,Theo Pinson,SF,26,DAL,17,0,122,2.7,9.4,0.281,1.8,7.4,0.24,0.9,2.1,0.429,1.8,1.8,1,0.3,5.3,5.6,3.8,1.2,0.6,0.6,2.7,8.9
445,Mason Plumlee,C,31,CHO,70,70,1737,4.1,6.4,0.638,0,0,0,4.1,6.4,0.642,1.3,3.4,0.387,3.5,7.8,11.4,4.6,1.2,1,1.9,4.5,9.5
446,Jakob Poeltl,C,26,SAS,66,65,1910,7.5,12.1,0.619,0,0,1,7.5,12.1,0.619,1.8,3.5,0.495,4.8,6.6,11.4,3.5,0.8,2.1,2,3.9,16.7
447,Aleksej Pokusevski,PF,20,OKC,61,12,1233,5.4,13.3,0.408,1.7,5.8,0.289,3.8,7.6,0.498,1,1.5,0.7,2.1,7.2,9.3,3.8,1.1,1.1,2.7,2.6,13.5
448,Yves Pons,SF,22,MEM,9,0,32,2.3,5.6,0.4,1.1,2.3,0.5,1.1,3.4,0.333,0,2.3,0,3.4,3.4,6.8,0,0,0,0,2.3,5.6
449,Jordan Poole,SG,22,GSW,73,48,2188,7.5,16.6,0.453,3.3,9.1,0.368,4.2,7.5,0.557,3.8,4.1,0.92,0.5,3.5,4,4.6,1,0.3,2.9,3.3,22.1
450,Kevin Porter Jr.,PG,21,HOU,59,59,1828,6.2,15,0.411,2.9,7.7,0.37,3.3,7.3,0.455,2.3,3.7,0.629,0.8,4.1,4.9,7.2,1.3,0.4,3.7,3.1,17.5
451,Michael Porter Jr.,SF,23,DEN,9,9,265,5,14,0.359,1.4,6.5,0.208,3.7,7.5,0.491,0.7,1.2,0.556,1.2,6.8,8,2.3,1.4,0.3,1.6,2.2,12.1
452,Otto Porter Jr.,PF,28,GSW,61,15,1341,5,10.7,0.469,2.1,5.6,0.368,3,5.1,0.579,1.3,1.6,0.814,2.2,7.1,9.3,2.5,1.8,0.8,0.9,2.2,13.4
453,Bobby Portis,C,26,MIL,70,59,1980,7.4,15.4,0.479,2.4,6,0.393,5,9.4,0.535,1.5,2.1,0.752,3.2,8.4,11.5,1.5,0.9,0.9,1.6,3.1,18.7
454,Kristaps Porziņģis,PF,26,TOT,51,51,1481,8.6,18.6,0.459,1.9,6.1,0.31,6.7,12.5,0.532,6,7,0.867,2.5,7.5,10,2.9,0.9,2,2,3.3,25
455,Micah Potter,C,23,DET,3,0,31,5.8,12.8,0.455,0,2.3,0,5.8,10.5,0.556,2.3,2.3,1,4.6,5.8,10.5,0,1.2,1.2,1.2,4.6,13.9
456,Dwight Powell,C,30,DAL,80,69,1746,5.3,8,0.662,0.3,0.8,0.351,5,7.2,0.695,3.3,4.1,0.8,3.5,4.6,8.1,1.9,0.8,0.8,1.2,4.5,14.2
457,Myles Powell,PG,24,PHI,11,0,52,3.5,11.8,0.294,0.7,4.2,0.167,2.8,7.6,0.364,1.4,1.4,1,0.7,3.5,4.2,2.1,0.7,0,2.1,5.5,9
458,Norman Powell,SF-SG,28,TOT,44,41,1436,6.8,14.9,0.46,2.6,6.2,0.413,4.3,8.7,0.493,4.6,5.7,0.811,0.5,3.1,3.6,2.4,1.1,0.5,1.7,2.6,20.9
459,Joshua Primo,SG,19,SAS,47,13,885,3.7,10,0.366,1.5,5.2,0.299,2.1,4.8,0.437,1.6,2.2,0.755,1.3,3.1,4.4,2.9,0.8,0.9,2.1,2.8,10.5
460,Taurean Prince,PF,27,MIN,68,8,1167,5.5,11.9,0.457,2.7,7,0.381,2.8,5,0.565,1.9,2.5,0.756,0.8,4.5,5.3,2.1,1.4,0.7,1.6,3.4,15.5
461,Payton Pritchard,SG,24,BOS,69,2,966,5.6,13.2,0.425,3.6,8.7,0.416,2,4.5,0.443,0.7,0.7,1,1,3.7,4.7,5,0.8,0.2,1.5,2.2,15.6
462,Trevelin Queen,SG,24,HOU,10,0,74,7.3,16.1,0.455,4.4,11.7,0.375,2.9,4.4,0.667,1.9,1.9,1,3.4,4.4,7.8,1.9,2.4,0.5,3.4,2.9,20.9
463,Neemias Queta,C,22,SAC,12,0,82,4.8,11.9,0.407,0,0,,4.8,11.9,0.407,3.1,4.8,0.636,5.7,4.8,10.5,1.8,0.4,1.8,2.2,5.3,12.7
464,Immanuel Quickley,PG,22,NYK,76,2,1724,5.5,14.2,0.387,2.7,7.9,0.343,2.8,6.3,0.441,3.5,4,0.885,0.6,4.2,4.8,5.3,1.1,0.1,2,3.4,17.2
465,Jahmi'us Ramsey,SG,20,SAC,19,0,134,6.4,15.6,0.414,1.3,4.8,0.278,5.1,10.7,0.475,1.9,3.8,0.5,1.1,2.4,3.5,1.9,0.3,0.3,1.3,2.7,16.1
466,Julius Randle,PF,27,NYK,72,72,2544,7.2,17.6,0.411,1.7,5.5,0.308,5.5,12.1,0.458,4.3,5.7,0.756,1.8,8.4,10.1,5.2,0.7,0.6,3.5,2.9,20.5
467,Austin Reaves,SG,23,LAL,58,16,1315,3.6,7.9,0.462,1.3,4.3,0.308,2.3,3.6,0.644,2.1,2.5,0.826,1.1,3.6,4.7,2.6,0.7,0.5,1,2.4,10.7
468,Cam Reddish,SF,22,TOT,49,7,1012,5.9,14.5,0.404,2.3,6.5,0.359,3.5,8,0.442,3.6,4,0.902,0.9,2.8,3.7,1.7,1.7,0.5,2,2.1,17.7
469,Davon Reed,SG,26,DEN,46,5,624,4.3,8.7,0.493,2,4.8,0.422,2.3,3.9,0.582,0.6,0.7,0.833,0.8,5,5.8,2.7,1.3,0.5,0.7,3.4,11.1
470,Paul Reed,C,22,PHI,35,2,260,5,10.5,0.474,0.3,1.1,0.25,4.7,9.4,0.5,0.6,1.4,0.4,5,5.3,10.2,1.8,3.3,1.8,1.2,6.1,10.8
471,Naz Reid,C,22,MIN,75,5,1178,6.9,14.1,0.491,1.7,4.8,0.342,5.3,9.2,0.57,3.5,4.6,0.765,3.1,5.9,9,2.1,1.2,2.1,2.4,5,18.9
472,Nick Richards,C,24,CHO,49,5,363,6,8.8,0.674,0,0,,6,8.8,0.674,3,4.3,0.698,3.3,5.1,8.3,1.3,0.9,2.1,2.4,5.1,14.9
473,Josh Richardson,SG,28,TOT,62,6,1524,5.2,11.9,0.438,2.2,5.5,0.411,3,6.5,0.46,2.1,2.4,0.891,1,3.2,4.2,2.6,1.3,0.7,1.5,2.6,14.8
474,Austin Rivers,SG,29,DEN,65,17,1432,3.5,8.5,0.414,2,5.7,0.347,1.6,2.8,0.549,0.7,1,0.725,0.5,2.3,2.7,2.2,1.2,0.2,1.4,2.9,9.7
475,Duncan Robinson,SG,27,MIA,77,67,2002,5.1,12.8,0.399,4.1,11,0.372,1,1.8,0.564,0.9,1.1,0.836,0.4,3.1,3.5,2.2,0.7,0.3,1.1,3.5,15.2
476,Justin Robinson,PG,24,TOT,25,0,304,3.3,11,0.301,2.1,7.2,0.295,1.2,3.8,0.313,0.5,0.9,0.5,0.5,2,2.5,3.8,1.1,0.1,2,3.2,9.2
477,Mitchell Robinson,C,23,NYK,72,62,1848,5.1,6.7,0.761,0,0,,5.1,6.7,0.761,1.7,3.5,0.486,5.7,6.3,12,0.7,1.1,2.6,1.2,3.8,11.9
478,Jeremiah Robinson-Earl,C,21,OKC,49,36,1087,4.4,10.7,0.414,1.9,5.5,0.352,2.5,5.3,0.478,1.3,1.8,0.741,2.5,6.6,9.1,1.6,1,0.5,1.3,2.5,12.1
479,Isaiah Roby,PF,23,OKC,43,26,916,6.1,11.8,0.512,1.6,3.6,0.44,4.5,8.3,0.543,3,4.4,0.685,2.9,5.4,8.3,2.7,1.3,1.3,1.6,4.1,16.7
480,Rajon Rondo,PG,35,TOT,37,1,663,3.6,9.3,0.386,1.6,4.6,0.345,2,4.7,0.425,1,1.4,0.731,0.8,4.8,5.5,8.3,1.6,0.3,3.6,2.8,9.8
481,Derrick Rose,PG,33,NYK,26,4,636,6.9,15.5,0.445,2.1,5.2,0.402,4.8,10.3,0.467,1.7,1.8,0.968,1.2,3.2,4.4,5.8,1.2,0.7,2.2,0.8,17.6
482,Terrence Ross,SG,30,ORL,63,0,1448,5.5,13.8,0.397,1.9,6.6,0.292,3.6,7.2,0.493,2.8,3.2,0.862,0.5,3.5,4,2.9,0.7,0.3,1.9,1.7,15.6
483,Terry Rozier,SG,27,CHO,70,70,2370,7.5,17,0.44,3.3,8.7,0.375,4.2,8.3,0.508,2.2,2.6,0.851,0.8,3.8,4.6,4.7,1.4,0.4,1.4,1.8,20.4
484,Ricky Rubio,PG,31,CLE,34,8,970,5.5,15.3,0.363,2.2,6.5,0.339,3.3,8.8,0.38,3.3,3.8,0.854,0.6,4.7,5.2,8.4,1.8,0.3,3.3,2.8,16.5
485,D'Angelo Russell,PG,25,MIN,65,65,2077,7,16.9,0.411,3.1,9,0.34,3.9,7.9,0.492,3.4,4.2,0.825,0.4,3.3,3.7,8,1.1,0.4,2.9,2.3,20.4
486,Domantas Sabonis,C-PF,25,TOT,62,61,2136,7.5,13,0.573,0.7,2.1,0.312,6.8,10.9,0.623,4.1,5.6,0.741,3.4,9.3,12.7,5.4,1,0.5,3.3,3.4,19.7
487,Olivier Sarr,C,22,OKC,22,2,421,5,8.6,0.574,1.1,2.5,0.448,3.8,6.2,0.625,2.1,2.5,0.828,2.9,5,8,1.6,0.5,1.3,1.9,4.4,13.1
488,Tomáš Satoranský,SG,30,TOT,53,11,866,2.8,7.6,0.374,0.4,2.1,0.2,2.4,5.5,0.439,1.8,2.2,0.796,1,3.9,4.9,6.9,1.2,0.2,1.7,2.8,7.9
489,Jordan Schakel,SG,23,WAS,2,0,14,0,15.4,0,0,7.7,0,0,7.7,0,0,0,,5.1,2.6,7.7,0,0,0,0,0,0
490,Admiral Schofield,SF,24,ORL,36,1,428,4.1,9.6,0.43,1.9,5.8,0.319,2.3,3.8,0.6,0.8,1.1,0.769,1.3,5.3,6.6,2.1,0.3,0.4,1.6,4.6,10.9
491,Dennis Schröder,SG-PG,28,TOT,64,29,1837,6.1,14.2,0.431,1.7,4.9,0.344,4.4,9.3,0.477,3.1,3.6,0.853,0.7,3.5,4.2,5.8,1,0.2,2.8,3,17
492,Tre Scott,SF,25,CLE,2,0,11,9.8,19.6,0.5,0,3.3,0,9.8,16.4,0.6,0,0,,3.3,3.3,6.5,0,3.3,3.3,0,6.5,19.6
493,Jay Scrubb,SG,21,LAC,18,0,121,5.4,13.7,0.391,1.8,6.2,0.286,3.6,7.4,0.48,2.1,3,0.7,0.6,4.2,4.8,2.4,1.2,0.9,2.1,2.7,14.6
494,Wayne Selden,SG,27,NYK,3,0,19,1.9,7.6,0.25,1.9,3.8,0.5,0,3.8,0,3.8,7.6,0.5,0,1.9,1.9,1.9,0,0,0,1.9,9.5
495,Alperen Şengün,C,19,HOU,70,11,1422,6,12.7,0.475,0.7,2.8,0.257,5.3,9.9,0.536,4.1,5.8,0.707,3.5,6.3,9.7,4.4,1.5,1.7,3.6,5.2,16.9
496,Collin Sexton,SG,23,CLE,11,11,316,7.7,17.2,0.45,1.3,5.1,0.244,6.5,12.1,0.538,3.3,4.4,0.744,1.5,2.6,4.1,2.6,1.1,0,3.5,2.8,20.1
497,Landry Shamet,SG,24,PHO,67,13,1393,4.7,11.9,0.39,3,8.3,0.368,1.6,3.6,0.443,1.8,2.1,0.84,0.4,2.7,3.2,2.7,0.7,0.2,1,2.3,14.1
498,Day'Ron Sharpe,PF,20,BRK,32,8,391,7.9,13.7,0.577,0.2,0.6,0.286,7.7,13.1,0.592,2.2,3.8,0.585,7.5,7.3,14.7,1.6,0.9,1.4,2.8,5.5,18.2
499,Pascal Siakam,PF,27,TOR,66,66,2501,8.2,16.6,0.494,1.1,3,0.354,7.1,13.6,0.524,3.9,5.2,0.747,1.8,6.3,8,4.9,1.2,0.6,2.5,3.2,21.4
500,Chris Silva,PF,25,TOT,10,0,91,3.2,5.9,0.533,0,0,,3.2,5.9,0.533,4,4.7,0.833,5.1,9.1,14.2,2.8,0,0.4,3.2,7.9,10.3
501,Marko Simonovic,C,22,CHI,9,0,35,4.1,15.4,0.267,1,5.1,0.2,3.1,10.3,0.3,8.2,11.3,0.727,5.1,5.1,10.3,0,1,1,2.1,6.2,17.5
502,Anfernee Simons,SG,22,POR,57,30,1681,7.6,17.1,0.443,3.8,9.5,0.405,3.7,7.6,0.49,2.2,2.5,0.888,0.6,2.7,3.2,4.7,0.6,0.1,2.5,2.4,21.2
503,Zavier Simpson,PG,24,OKC,2,2,82,3.1,9.7,0.318,0,0.9,0,3.1,8.8,0.35,0,0,,0.4,2.2,2.6,7,1.8,0.9,2.6,2.6,6.1
504,Jericho Sims,PF,23,NYK,39,3,482,2.6,3.4,0.761,0,0,,2.6,3.4,0.761,0.6,1.9,0.32,4,6.9,10.9,1.3,0.6,1.5,1.2,4.5,5.8
505,Deividas Sirvydis,SG,21,DET,3,0,27,1.3,13.3,0.1,1.3,9.3,0.143,0,4,0,0,0,,0,8,8,1.3,4,1.3,0,5.3,4
506,Javonte Smart,PG,22,TOT,16,1,166,2.4,10,0.239,0.9,4.1,0.211,1.5,5.9,0.259,1.1,1.3,0.833,0.9,3.3,4.1,3.3,1.1,0.4,2,2.4,6.7
507,Marcus Smart,PG,27,BOS,69,69,2240,4.6,11.2,0.414,1.8,5.5,0.326,2.8,5.6,0.501,2.3,2.8,0.791,0.7,3.6,4.3,6.5,1.9,0.3,2.5,2.5,13.3
508,Dennis Smith Jr.,PG,24,POR,37,4,638,4.5,10.7,0.418,0.3,1.5,0.222,4.1,9.1,0.451,2.4,3.6,0.656,1.1,3.8,5,7.4,2.5,0.7,2.9,2.9,11.6
509,Ish Smith,PG,33,TOT,63,1,1093,5.9,13.7,0.427,0.8,2.2,0.364,5.1,11.6,0.439,0.5,0.8,0.625,0.8,3.8,4.6,7.8,1.4,0.8,2.4,2.5,13
510,Jalen Smith,PF,21,TOT,51,8,925,6.8,13.6,0.503,1.6,4.7,0.328,5.3,8.9,0.596,3,4,0.765,3.9,8,11.9,0.9,0.6,1.6,1.6,3.7,18.3
511,Xavier Sneed,SF,24,TOT,8,0,35,2.1,10.3,0.2,1,8.2,0.125,1,2.1,0.5,0,0,,1,3.1,4.1,0,0,0,0,2.1,5.1
512,Tony Snell,SG,30,TOT,50,12,778,2.8,7.2,0.394,1.9,5.5,0.353,0.9,1.7,0.528,0.1,0.1,1,0.7,3.9,4.6,1.2,0.6,0.4,0.8,3,7.7
513,Jaden Springer,SG,19,PHI,2,0,6,6,6,1,0,0,,6,6,1,0,0,,6,6,12,0,0,12,6,0,12
514,Cassius Stanley,SG,22,DET,9,1,155,4.4,10.7,0.413,0.9,3.9,0.235,3.5,6.7,0.517,2.3,2.3,1,1.2,3.3,4.4,0.9,1.2,0.5,1.4,3.9,12.1
515,Nik Stauskas,SG,28,TOT,8,0,39,4.6,12.9,0.357,3.7,9.2,0.4,0.9,3.7,0.25,3.7,5.5,0.667,0.9,1.8,2.8,1.8,0,0,0.9,0.9,16.6
516,Lance Stephenson,SG-SF,31,TOT,44,1,777,6.5,14.4,0.455,1.2,4.1,0.295,5.3,10.3,0.518,2.6,3.3,0.792,0.6,5.1,5.7,7.2,1,0.1,3.2,4.2,16.9
517,Lamar Stevens,PF,24,CLE,61,13,979,5.6,11.2,0.497,0.7,2.3,0.29,4.9,8.9,0.55,1.9,2.8,0.707,1.7,4.2,5.8,1.5,1.1,0.6,1.4,3.8,13.7
518,Isaiah Stewart,C,20,DET,69,69,1776,5,9.7,0.51,0.2,0.8,0.3,4.7,8.9,0.53,1.5,2,0.713,4.5,7.7,12.1,1.5,0.4,1.5,1.7,4.2,11.6
519,Max Strus,SF,25,MIA,67,15,1560,5.7,12.9,0.439,4.1,10.1,0.408,1.5,2.8,0.554,1,1.2,0.792,0.6,4,4.6,2.1,0.6,0.4,1.3,2.6,16.5
520,Jalen Suggs,PG,20,ORL,47,44,1291,5.5,15.1,0.362,1.1,5.4,0.214,4.3,9.8,0.443,3.5,4.5,0.773,0.7,4,4.7,5.7,1.6,0.5,4,3.9,15.6
521,Craig Sword,SG,28,WAS,3,0,19,5.7,7.6,0.75,0,1.9,0,5.7,5.7,1,0,0,,0,0,0,1.9,7.6,0,1.9,13.3,11.4
522,Keifer Sykes,PG,28,IND,32,11,566,4.4,12.1,0.363,1.7,5.7,0.3,2.7,6.4,0.42,1,1.1,0.882,0.5,2.4,2.9,3.9,0.8,0.3,2.1,3.2,11.4
523,Jae'Sean Tate,SF,26,HOU,76,75,2000,6.4,12.9,0.499,1.1,3.6,0.308,5.3,9.3,0.572,2.3,3.3,0.709,2.3,5.1,7.4,3.9,1.3,0.7,2.4,5,16.2
524,Jayson Tatum,SF,23,BOS,75,75,2705,9.3,20.6,0.45,3,8.6,0.348,6.3,12.1,0.521,5.3,6.2,0.852,1.1,6.9,8,4.4,1,0.7,2.8,2.3,26.8
525,Terry Taylor,SG,22,IND,31,7,660,6.9,11,0.629,0.7,1.9,0.343,6.3,9.1,0.689,1.7,2.5,0.696,4.7,4,8.7,2.1,0.7,0.4,1.2,3.1,16.3
526,Garrett Temple,SG,35,NOP,56,16,1059,3.7,9.6,0.383,1.9,5.9,0.32,1.8,3.6,0.486,1,1.4,0.683,1,3.8,4.8,2.5,1.4,0.8,1.4,2.7,10.2
527,Emanuel Terry,PF,25,PHO,3,0,18,0,10,0,0,0,,0,10,0,0,0,,16,14,30,4,2,0,10,8,0
528,Tyrell Terry,PG,21,MEM,2,0,3,12,12,1,0,0,,12,12,1,0,0,,0,0,0,0,0,0,0,12,24
529,Jon Teske,C,24,MEM,3,0,8,0,4.5,0,0,0,,0,4.5,0,0,9,0,0,9,9,4.5,4.5,0,0,4.5,0
530,Daniel Theis,C,29,TOT,45,25,919,5.4,10.6,0.509,1.2,4,0.291,4.2,6.6,0.643,1.8,2.6,0.682,2,6.3,8.4,1.4,0.8,1.2,1.8,4.3,13.7
531,Brodric Thomas,SG,25,BOS,11,0,52,4.8,11.1,0.438,0.7,5.5,0.125,4.2,5.5,0.75,2.1,3.5,0.6,1.4,4.2,5.5,5.5,0,0.7,3.5,4.2,12.5
532,Cam Thomas,SG,20,BRK,65,2,1166,6.7,15.4,0.432,1.4,5.3,0.267,5.2,10.1,0.518,2.7,3.2,0.835,0.5,4.5,5,2.4,1,0.2,1.7,2,17.4
533,Isaiah Thomas,PG,32,TOT,19,1,307,6.8,17.6,0.387,2.8,8.8,0.32,4,8.8,0.453,2.3,2.8,0.833,0.4,2.8,3.2,3.8,0.7,0.6,1.6,3.4,18.8
534,Matt Thomas,SG,27,CHI,40,0,459,4.3,10.5,0.41,2.7,7.1,0.385,1.6,3.4,0.465,1.3,1.6,0.8,0.2,3.7,3.9,1.6,0.6,0.2,0.6,1.4,12.6
535,Klay Thompson,SG,31,GSW,30,30,876,9,21.5,0.418,4.2,11.2,0.371,4.8,10.3,0.468,1.7,1.8,0.911,0.6,4.3,4.8,3.4,0.7,0.7,1.6,2.1,23.8
536,Tristan Thompson,PF,30,TOT,55,5,868,5.6,10.6,0.523,0,0.1,0.333,5.5,10.5,0.526,2.4,4.6,0.523,4.7,6.8,11.6,1.4,1,0.9,1.9,3.9,13.6
537,JT Thor,PF,19,CHO,30,0,248,3.5,7.8,0.444,1,3.8,0.269,2.5,4.1,0.607,1.6,2.6,0.611,1.6,4.2,5.8,2.6,1.2,1.5,1.2,3.6,9.6
538,Matisse Thybulle,SG,24,PHI,64,49,1625,3.2,6.5,0.497,1,3.1,0.312,2.3,3.4,0.667,0.8,1,0.791,0.9,2.3,3.2,1.6,2.5,1.5,0.8,3.4,8.2
539,Killian Tillie,C,23,MEM,36,3,461,3.4,9.9,0.339,2.1,6.7,0.314,1.2,3.2,0.39,0.4,0.6,0.625,1.6,3,4.7,1.7,1.8,1.2,1,4.5,9.2
540,Xavier Tillman Sr.,PF,23,MEM,50,1,648,5.2,11.2,0.463,0.5,2.4,0.209,4.7,8.8,0.532,2.4,3.7,0.657,3.5,5.2,8.7,3.2,2.6,0.8,1.8,3.3,13.3
541,Isaiah Todd,PF,20,WAS,10,0,41,4.4,14.9,0.294,3.5,9.7,0.364,0.9,5.3,0.167,1.8,5.3,0.333,1.8,7,8.8,2.6,1.8,1.8,0.9,0.9,14
542,Obi Toppin,PF,23,NYK,70,8,1151,6.9,13.2,0.522,1.3,4.6,0.274,5.7,8.7,0.653,2.8,3.7,0.748,2.1,5.8,7.9,2.3,0.7,1,1.6,3.1,17.9
543,Juan Toscano-Anderson,SF,28,GSW,71,6,968,4.2,8.6,0.485,1,3.2,0.306,3.2,5.4,0.589,1.5,2.6,0.571,1,5.4,6.4,4.6,1.8,0.6,2.4,4.1,10.8
544,Karl-Anthony Towns,C,26,MIN,73,73,2443,9.4,17.6,0.531,2.2,5.3,0.407,7.2,12.3,0.584,5.6,6.8,0.825,2.8,7.7,10.5,3.9,1.1,1.2,3.3,3.9,26.5
545,Gary Trent Jr.,SG,23,TOR,67,66,2337,6.5,15.8,0.41,3.1,8.1,0.377,3.4,7.7,0.444,2.6,3.1,0.85,0.4,2.4,2.8,2.1,1.8,0.3,1.1,2.1,18.6
546,P.J. Tucker,PF,36,MIA,71,70,1981,3.8,7.8,0.484,1.5,3.5,0.415,2.3,4.3,0.54,0.8,1.1,0.738,1.8,5.2,7,2.7,1.1,0.3,1.2,2.9,9.8
547,Rayjon Tucker,SG,24,DEN,3,0,29,1.2,2.5,0.5,1.2,2.5,0.5,0,0,,3.7,5,0.75,1.2,3.7,5,5,1.2,0,0,3.7,7.4
548,Myles Turner,C,25,IND,42,42,1235,5.8,11.5,0.509,1.8,5.3,0.333,4.1,6.1,0.662,2.3,3.1,0.752,1.9,6.8,8.7,1.3,0.8,3.4,1.6,3.5,15.7
549,Jonas Valančiūnas,C,29,NOP,72,72,2213,8.2,15,0.543,0.9,2.6,0.361,7.2,12.5,0.581,3.8,4.6,0.816,3.6,9.9,13.6,3.1,0.7,1,2.8,3.9,21
550,Denzel Valentine,SG,28,TOT,24,0,222,4.1,10.7,0.379,3.1,7.6,0.404,1,3.1,0.316,0,0,,1.5,5.4,6.8,1.8,1.3,0,1.9,3.2,11.2
551,Jarred Vanderbilt,PF,22,MIN,72,65,1834,4.1,7,0.59,0,0.3,0.154,4.1,6.7,0.606,1.6,2.5,0.651,4.1,7.9,12,1.8,1.9,0.9,1.4,3.5,9.9
552,Fred VanVleet,PG,27,TOR,65,65,2462,6.5,16,0.403,3.5,9.4,0.377,2.9,6.7,0.44,2.8,3.2,0.874,0.6,3.6,4.2,6.3,1.6,0.5,2.5,2.4,19.3
553,Devin Vassell,SF,21,SAS,69,30,1876,6.1,14.2,0.428,2.5,7,0.357,3.6,7.2,0.496,1.5,1.8,0.828,0.8,4.9,5.8,2.6,1.4,0.8,1.1,2.7,16.1
554,Gabe Vincent,PG,25,MIA,66,27,1560,4.8,11.6,0.414,2.6,7.2,0.363,2.2,4.3,0.5,1,1.2,0.815,0.5,2.3,2.8,4.8,1.4,0.3,2.2,3.6,13.2
555,Nikola Vučević,C,31,CHI,72,72,2396,8.2,17.2,0.474,1.6,5,0.315,6.6,12.3,0.538,1.4,1.8,0.756,2.1,9.9,12,3.5,1.1,1.1,2,2.7,19.3
556,Dean Wade,PF,25,CLE,51,28,980,3.6,8,0.456,1.9,5.2,0.359,1.8,2.8,0.64,0.7,1.1,0.667,1.1,4.4,5.5,1.9,1.1,0.3,0.6,3.2,9.9
557,Franz Wagner,SF,20,ORL,79,79,2429,6.8,14.5,0.468,1.4,4,0.356,5.3,10.4,0.511,2.8,3.2,0.863,1.2,4,5.3,3.4,1,0.5,1.8,2.4,17.7
558,Moritz Wagner,C,24,ORL,61,1,902,7.4,15,0.496,2.5,7.5,0.328,4.9,7.4,0.667,4,4.9,0.805,1.6,7,8.6,3.2,0.7,0.5,2.1,4.6,21.3
559,Ish Wainright,PF,27,PHO,44,0,327,3.9,9.9,0.389,1.8,5.6,0.314,2.1,4.3,0.487,0.8,1.3,0.583,2.8,2.9,5.6,1.7,1.8,0.7,1.4,4.7,10.2
560,Kemba Walker,PG,31,NYK,37,37,948,5.7,14.1,0.403,2.8,7.6,0.367,2.9,6.5,0.444,2.3,2.7,0.845,0.5,3.7,4.2,5,1,0.3,1.8,1.4,16.4
561,Lonnie Walker IV,SG,23,SAS,69,6,1585,6.9,17,0.405,2.5,7.9,0.315,4.4,9.2,0.481,2.5,3.2,0.775,0.4,3.6,4,3.4,1,0.4,1.6,2.2,18.7
562,M.J. Walker,SG,23,PHO,2,0,8,0,18,0,0,9,0,0,9,0,0,0,,0,4.5,4.5,4.5,9,0,0,4.5,0
563,Tyrone Wallace,SG,27,NOP,6,0,75,3.4,9.6,0.35,1,3.8,0.25,2.4,5.8,0.417,0.5,2.4,0.2,0,3.8,3.8,0.5,1.4,0.5,1,3.4,8.2
564,Derrick Walton,PG,26,DET,3,3,108,2,8.7,0.231,1,4.3,0.231,1,4.3,0.231,1.3,1.3,1,0.7,2.7,3.3,7,2.3,1.3,3.7,2.7,6.3
565,Brad Wanamaker,PG,32,TOT,23,2,320,3.2,8.7,0.364,0.5,1.9,0.235,2.7,6.8,0.4,2.6,2.8,0.92,0.7,3.7,4.4,6.2,0.8,0.7,2.6,5.1,9.3
566,Duane Washington Jr.,PG,21,IND,46,7,923,6.2,15.8,0.394,2.9,8,0.366,3.3,7.8,0.423,1.8,2.3,0.763,0.2,3,3.2,3.2,0.9,0.1,2.2,2.5,17.2
567,P.J. Washington,PF,23,CHO,62,25,1681,5.1,11,0.464,2.3,6.4,0.364,2.8,4.7,0.601,1.2,1.7,0.718,1.7,5.3,7,3,1.2,1.2,1.7,3.1,13.7
568,Yuta Watanabe,SF,27,TOR,36,4,422,4.6,11.2,0.412,2.3,6.4,0.36,2.3,4.8,0.482,1.8,3.2,0.568,1.5,5.7,7.3,1.6,0.7,1.4,1.6,3.2,13.3
569,Lindy Waters III,SG,24,OKC,25,1,465,5.5,13.5,0.406,4.1,11.3,0.363,1.4,2.2,0.621,0.3,0.4,0.8,0.5,5.2,5.7,1.9,1.5,0.6,0.9,2.4,15.4
570,Tremont Waters,PG,24,TOT,3,0,50,2.9,10.1,0.286,1.4,6.5,0.222,1.4,3.6,0.4,0,0,,0,2.9,2.9,5,3.6,0,2.9,2.9,7.2
571,Trendon Watford,SF,21,POR,48,10,869,5.9,11.1,0.532,0.4,1.6,0.237,5.5,9.5,0.581,2.9,3.9,0.755,2.4,5.9,8.2,3.4,1,1.2,1.8,4.8,15.1
572,Paul Watson,SF,27,OKC,9,3,156,2.8,8.1,0.343,1.4,6,0.231,1.4,2.1,0.667,0.2,0.5,0.5,0.7,5.5,6.2,1.8,0.7,0.7,0.9,2.3,7.2
573,Quinndary Weatherspoon,SG,25,GSW,10,0,69,6.3,11,0.571,0.5,2.6,0.2,5.7,8.3,0.688,2.6,2.6,1,1,6.3,7.3,2.1,0.5,0.5,1.6,7.8,15.7
574,Russell Westbrook,PG,33,LAL,78,78,2678,7.4,16.6,0.444,1.1,3.6,0.298,6.3,13,0.485,3.6,5.4,0.667,1.5,6.3,7.8,7.4,1,0.3,4,3.2,19.4
575,Coby White,PG,21,CHI,60,16,1638,6,13.8,0.433,2.9,7.6,0.378,3.1,6.3,0.5,1.7,2,0.865,0.4,3.6,4,3.8,0.6,0.2,1.5,2.9,16.5
576,Derrick White,SG,27,TOT,73,51,2141,5.5,13.1,0.419,1.8,6,0.307,3.7,7.1,0.514,3.3,3.9,0.861,0.6,3.6,4.2,6.1,1.1,1,2,2.9,16.2
577,Hassan Whiteside,C,32,UTA,63,8,1133,6.6,10.3,0.647,0,0,,6.6,10.3,0.647,3.1,5.1,0.616,5,10.2,15.3,0.7,0.7,3.2,1.6,5.6,16.4
578,Joe Wieskamp,SG,22,SAS,26,0,166,4.1,11.1,0.373,2.8,8.5,0.333,1.3,2.6,0.5,1.1,2,0.556,0.9,1.3,2.2,1.5,0.9,0.7,0.4,2.4,12.1
579,Aaron Wiggins,SG,23,OKC,50,35,1209,4.6,10,0.463,1.3,4.1,0.304,3.4,5.9,0.573,1.8,2.5,0.729,1.5,3.8,5.3,2,0.9,0.3,1.6,2.8,12.4
580,Andrew Wiggins,SF,26,GSW,71,71,2267,7.4,15.8,0.466,2.4,6.1,0.393,4.9,9.6,0.512,2.3,3.6,0.643,1.3,3.7,5.1,2.5,1.2,0.8,1.7,2.4,19.4
581,Lindell Wigginton,PG,23,MIL,17,0,151,4.5,10.3,0.442,1.7,4.5,0.368,2.9,5.7,0.5,3.6,6.4,0.556,0.5,4.3,4.8,3.1,1,0.2,2.4,2.9,14.3
582,Brandon Williams,PG,22,POR,21,14,567,6.1,16,0.381,1.9,6.3,0.303,4.2,9.7,0.431,4,5.7,0.7,1.1,3.1,4.3,5.1,1.4,0.6,3.2,2.8,18.1
583,Grant Williams,PF,23,BOS,75,20,1819,4,8.3,0.481,2.1,4.9,0.42,1.9,3.3,0.571,1.6,1.8,0.901,1.2,4,5.2,1.5,0.7,1.1,1.2,3.6,11.7
584,Kenrich Williams,SF,27,OKC,49,0,1072,4.9,10.6,0.461,1.4,4.1,0.339,3.5,6.6,0.536,1,1.8,0.545,2.5,4.9,7.4,3.6,1.5,0.3,1.5,2.7,12.2
585,Lou Williams,PG,35,ATL,56,0,799,5.6,14.4,0.391,1.7,4.6,0.363,4,9.8,0.404,3,3.5,0.859,0.7,3.2,3.9,4.7,1.3,0.1,1.9,2.2,15.9
586,Patrick Williams,PF,20,CHI,15,7,355,4.1,7.5,0.541,1,2.3,0.435,3,5.2,0.588,1.3,2.1,0.619,1.6,4.6,6.2,0.8,0.9,0.7,1,2.6,10.4
587,Robert Williams,C,24,BOS,61,61,1804,5.4,7.3,0.736,0,0,0,5.4,7.3,0.738,1.3,1.8,0.722,4.7,7,11.7,2.4,1.1,2.7,1.3,2.7,12.1
588,Ziaire Williams,SF,20,MEM,59,30,1278,4.9,10.9,0.451,1.9,6.2,0.301,3,4.7,0.647,1.1,1.4,0.792,0.6,2.7,3.4,1.7,0.9,0.3,1.1,3,12.7
589,D.J. Wilson,PF,25,TOR,4,1,54,7.3,10,0.733,0,1.3,0,7.3,8.7,0.846,5.3,6.7,0.8,0.7,10,10.7,3.3,3.3,0.7,1.3,4,20
590,Dylan Windler,SF,25,CLE,48,0,439,3,7.8,0.379,1.7,5.6,0.309,1.2,2.2,0.556,1.2,1.5,0.833,1.6,5.4,7.1,2.5,1.1,0.2,1.3,3.5,8.9
591,Justise Winslow,SF,25,TOT,48,11,774,5.1,12,0.428,0.7,3.1,0.227,4.4,8.9,0.497,1.8,3.1,0.591,2.3,7.1,9.4,3.9,1.6,1.2,2.3,3.1,12.7
592,Cassius Winston,PG,23,WAS,5,0,27,4,8,0.5,2.7,6.7,0.4,1.3,1.3,1,2.7,2.7,1,0,0,0,6.7,0,0,1.3,9.3,13.3
593,Christian Wood,C,26,HOU,68,67,2094,7.6,15.1,0.501,2.3,5.8,0.39,5.3,9.3,0.57,3.6,5.7,0.623,1.9,9.9,11.8,2.7,0.9,1.1,2.2,2.9,20.9
594,Robert Woodard II,SF,22,SAC,12,0,42,1.7,13.7,0.125,0.9,3.4,0.25,0.9,10.3,0.083,1.7,1.7,1,4.3,5.1,9.4,2.6,0.9,0.9,0.9,2.6,6
595,Delon Wright,SG,29,ATL,75,8,1409,3.1,6.8,0.457,1.1,2.9,0.386,2,3.9,0.51,1.3,1.6,0.852,1.3,4.3,5.5,4.7,2.3,0.5,1.1,1.4,8.6
596,McKinley Wright IV,PG,23,MIN,4,0,12,6,9,0.667,3,6,0.5,3,3,1,0,0,,0,0,0,3,0,0,3,3,15
597,Moses Wright,PF,23,TOT,3,0,6,6,24,0.25,0,6,0,6,18,0.333,6,6,1,6,0,6,6,0,0,0,0,18
598,Thaddeus Young,PF,33,TOT,49,1,770,6.1,11.7,0.522,0.7,1.9,0.375,5.4,9.9,0.55,0.9,2.1,0.444,3.6,5.6,9.2,4.4,2.2,0.8,2.3,3.3,13.9
599,Trae Young,PG,23,ATL,74,74,2582,9.6,20.9,0.459,3.2,8.3,0.382,6.5,12.7,0.509,6.8,7.5,0.902,0.7,3.2,3.9,10,1,0.1,4.1,1.7,29.2
600,Omer Yurtseven,C,23,MIA,55,11,671,6.8,12.5,0.545,0.1,0.4,0.125,6.8,12.1,0.56,2,3.2,0.627,4.3,10.9,15.2,2.6,0.9,1,2.1,4.5,15.7
601,Cody Zeller,C,29,POR,27,0,355,5.2,9.1,0.567,0,0.4,0,5.2,8.7,0.593,3.9,5,0.776,5.1,7.6,12.7,2.2,0.8,0.6,1.9,5.7,14.2
602,Ivica Zubac,C,24,LAC,74,74,1804,5.9,9.5,0.627,0,0,,5.9,9.5,0.627,3.3,4.5,0.729,4.2,8.2,12.4,2.3,0.7,1.5,2.3,3.9,15.1
